"Id","cip_category","total_deflated_dollar_2010","citations","y_05","cd"
"1","Biology",NA,5782,"2000",1
"2","Biology",NA,3967,"2000",1
"3","Biology",NA,1478,"2000",1
"4","Biology",NA,1254,"2005",1
"5","Medical",NA,3245,"2000",1
"6","Biology",NA,669,"2000",1
"7","Biology",NA,2421,"2005",1
"8","Biology",NA,757,"2005",0
"9","Biology",NA,4920,"2000",1
"10","Medical",NA,1114,"2005",0
"11","Biology",NA,5313,"1995",1
"12","Biology",NA,3371,"2005",1
"13","Biology",NA,986,"2005",1
"14","Biology",NA,3151,"1995",1
"15","Biology",NA,2605,"1990",1
"16","Technology",NA,2729,"2000",1
"17","Biology",NA,1810,"2000",0
"18","Biology",NA,953,"2005",1
"19","Biology",NA,1752,"2005",1
"20","Medical",NA,1512,"2000",1
"21","Biology",NA,1390,"2000",0
"22","Biology",NA,2120,"2005",1
"23","Medical",NA,3561,"1995",1
"24","Biology",NA,9351,"1995",1
"25","Biology",NA,1039,"2005",1
"26","Biology",NA,1347,"2005",1
"27","Biology",NA,1199,"2005",1
"28","Biology",NA,1900,"2005",1
"29","Biology",NA,2695,"2005",0
"30","Biology",NA,1234,"2000",0
"31","Biology",NA,1423,"2005",1
"32","Biology",NA,3468,"2005",1
"33","Biology",NA,478,"2005",0
"34","Biology",NA,14688,"1980",1
"35","Medical",NA,2242,"2005",1
"36","Medical",NA,512,"2000",1
"37","Medical",2096850,2321,"2000",1
"38","Medical",NA,1674,"2000",1
"39","Biology",NA,2119,"2000",1
"40","Medical",NA,2243,"2005",1
"41","Medical",NA,3386,"2005",1
"42","Biology",NA,1341,"2005",0
"43","Biology",NA,2573,"2005",1
"44","Biology",NA,3300,"2000",1
"45","Biology",NA,5479,"2000",1
"46","Medical",NA,1575,"2000",1
"47","Biology",NA,1324,"2005",1
"48","Biology",NA,1597,"2005",1
"49","Biology",NA,1739,"2005",0
"50","Biology",NA,1977,"2000",1
"51","Biology",NA,4468,"2005",1
"52","Biology",NA,3451,"2000",0
"53","Biology",NA,1577,"1990",0
"54","Medical",247802,2601,"2005",1
"55","Biology",NA,14384,"1985",1
"56","Biology",NA,1449,"2005",1
"57","Biology",NA,3442,"2000",1
"58","Medical",NA,7694,"1980",1
"59","Biology",NA,2468,"2000",1
"60","Biology",NA,1734,"2005",1
"61","Biology",NA,1476,"2005",1
"62","Biology",NA,1312,"2000",0
"63","Biology",NA,963,"2005",1
"64","Biology",NA,897,"1995",1
"65","Biology",NA,3906,"2005",1
"66","Biology",NA,6501,"2000",1
"67","Biology",NA,868,"2000",1
"68","Biology",NA,783,"2000",1
"69","Biology",NA,1870,"1990",1
"70","Biology",NA,852,"2005",1
"71","Biology",NA,6170,"1975",1
"72","Biology",NA,1169,"1995",0
"73","Biology",3428606,6299,"1990",1
"74","Medical",7056901,5392,"2005",1
"75","Biology",394935,756,"2005",1
"76","Medical",NA,4500,"2005",1
"77","Biology",NA,4204,"1990",1
"78","Medical",NA,2529,"2005",1
"79","Medical",NA,1325,"2005",1
"80","Medical",NA,723,"2005",1
"81","Biology",NA,1103,"2005",0
"82","Biology",NA,1063,"2005",1
"83","Biology",NA,1550,"2000",1
"84","Biology",43633127,974,"2005",1
"85","Biology",NA,632,"2005",1
"86","Biology",NA,1920,"2000",0
"87","Biology",NA,1660,"2000",1
"88","Biology",NA,2620,"1990",1
"89","Technology",NA,10262,"1995",1
"90","Biology",NA,1183,"2000",1
"91","Biology",NA,609,"2005",1
"92","Biology",NA,1075,"2005",1
"93","Medical",NA,782,"2005",1
"94","Biology",NA,1432,"2005",0
"95","Biology",NA,3697,"2005",0
"96","Medical",NA,1808,"2005",1
"97","Medical",4117681,38204,"1980",1
"98","Biology",NA,1844,"2005",1
"99","Biology",NA,866,"2005",1
"100","Biology",NA,1892,"2000",1
"101","Medical",NA,647,"2005",1
"102","Biology",NA,2176,"2005",0
"103","Medical",NA,1268,"2005",1
"104","Biology",17863302,13932,"1980",0
"105","Medical",NA,3539,"2005",1
"106","Biology",NA,971,"2000",1
"107","Biology",NA,5423,"2005",1
"108","Biology",NA,531,"1985",1
"109","Biology",NA,2850,"2005",0
"110","Biology",1256789,697,"2000",0
"111","Biology",NA,397,"2005",0
"112","Biology",NA,840,"2005",0
"113","Medical",NA,4728,"2000",1
"114","Biology",NA,3923,"2005",1
"115","Biology",NA,1613,"2005",1
"116","Biology",NA,2235,"2000",1
"117","Biology",NA,1313,"2000",1
"118","Biology",NA,1840,"2005",0
"119","Biology",NA,2020,"2000",1
"120","Medical",NA,1548,"2000",0
"121","Biology",NA,4820,"2005",1
"122","Biology",NA,983,"2000",0
"123","Biology",NA,988,"2005",1
"124","Biology",NA,1009,"2005",1
"125","Biology",NA,1246,"2005",0
"126","Biology",NA,3308,"2000",1
"127","Biology",NA,4603,"1990",1
"128","Biology",NA,1157,"2000",1
"129","Biology",NA,1429,"2005",1
"130","Biology",NA,613,"2005",0
"131","Biology",NA,1703,"2005",1
"132","Biology",NA,884,"2000",1
"133","Biology",NA,4756,"2000",1
"134","Biology",NA,2435,"2000",1
"135","Biology",NA,566,"2005",1
"136","Biology",NA,925,"2005",0
"137","Medical",NA,826,"2005",1
"138","Medical",NA,684,"2010",1
"139","Biology",NA,6398,"1970",1
"140","Biology",NA,4599,"2000",1
"141","Biology",3233264,11391,"1975",1
"142","Biology",NA,988,"2005",1
"143","Biology",NA,501,"2005",0
"144","Biology",NA,1026,"2005",1
"145","Biology",NA,1371,"2005",1
"146","Biology",NA,1425,"2005",0
"147","Biology",NA,1124,"2005",1
"148","Biology",NA,513,"2005",1
"149","Biology",NA,962,"2005",1
"150","Biology",NA,1185,"2005",1
"151","Biology",NA,3257,"1995",1
"152","Biology",NA,2401,"2005",1
"153","Medical",NA,2694,"2005",1
"154","Biology",NA,652,"2005",1
"155","Biology",NA,2788,"2005",1
"156","Medical",NA,607,"2005",1
"157","Medical",NA,564,"2005",1
"158","Biology",704141,800,"2000",0
"159","Biology",NA,4198,"2005",0
"160","Biology",NA,1264,"1980",1
"161","Biology",NA,25534,"1980",1
"162","Medical",NA,910,"2005",1
"163","Medical",NA,1058,"2005",1
"164","Biology",NA,2014,"1985",0
"165","Biology",NA,3129,"2005",1
"166","Biology",NA,1192,"2000",1
"167","Medical",NA,1899,"1990",1
"168","Medical",NA,7986,"1985",1
"169","Biology",NA,604,"2005",1
"170","Medical",NA,1477,"2005",1
"171","Medical",NA,324,"2005",1
"172","Biology",NA,5724,"2005",1
"173","Biology",NA,1770,"2005",0
"174","Medical",NA,18331,"1975",1
"175","Medical",NA,1894,"2005",1
"176","Medical",NA,1074,"2005",1
"177","Biology",NA,2706,"2005",1
"178","Medical",NA,2032,"2000",1
"179","Biology",NA,1098,"2000",0
"180","Biology",1510589,1831,"2005",1
"181","Medical",NA,981,"2005",1
"182","Biology",NA,5839,"2000",1
"183","Biology",NA,2779,"2005",1
"184","Biology",NA,748,"2005",1
"185","Biology",NA,1466,"2005",1
"186","Biology",NA,1663,"2000",1
"187","Biology",NA,1738,"2000",1
"188","Medical",NA,3123,"2005",1
"189","Biology",NA,282,"2005",0
"190","Biology",NA,14045,"1980",1
"191","Biology",NA,21021,"1975",1
"192","Biology",NA,2988,"2000",1
"193","Medical",46055,29770,"1980",1
"194","Medical",NA,562,"2005",1
"195","Biology",NA,4585,"2000",1
"196","Biology",NA,2215,"1965",0
"197","Biology",NA,856,"2000",1
"198","Medical",NA,551,"2000",1
"199","Medical",NA,1214,"2005",1
"200","Biology",NA,7057,"1995",1
"201","Biology",NA,1441,"2005",1
"202","Biology",NA,383,"2005",0
"203","Medical",1833693,1172,"2000",1
"204","Biology",NA,2075,"1990",0
"205","Biology",14189247,43787,"1990",1
"206","Medical",NA,359,"2005",1
"207","Medical",NA,1923,"2005",1
"208","Medical",NA,5592,"1995",1
"209","Biology",91476,5041,"2000",1
"210","Biology",NA,4198,"2005",1
"211","Biology",NA,8418,"1980",1
"212","Biology",NA,2222,"1995",1
"213","Biology",17549209,10876,"1980",1
"214","Medical",3924401,16696,"1975",1
"215","Medical",NA,1350,"2005",1
"216","Biology",NA,1296,"2000",1
"217","Biology",NA,665,"2005",1
"218","Medical",NA,4230,"2005",1
"219","Biology",NA,873,"2005",0
"220","Biology",NA,1454,"2005",1
"221","Medical",NA,3740,"1995",1
"222","Biology",NA,2033,"1975",1
"223","Biology",NA,3231,"2000",1
"224","Biology",NA,3055,"2005",1
"225","Medical",17415976,2492,"1990",1
"226","Biology",NA,2569,"2000",0
"227","Biology",NA,2402,"1975",0
"228","Biology",NA,1979,"2005",1
"229","Medical",58662105,12936,"1975",1
"230","Biology",NA,806,"2005",1
"231","Biology",NA,800,"2005",0
"232","Biology",NA,357,"2005",1
"233","Biology",NA,903,"2005",1
"234","Biology",NA,9165,"2005",1
"235","Biology",NA,329,"2005",1
"236","Biology",NA,8878,"2005",1
"237","Biology",NA,713,"2005",1
"238","Medical",NA,2212,"2005",1
"239","Biology",NA,2709,"1990",1
"240","Biology",NA,650,"2005",1
"241","Medical",4864816,27037,"1980",1
"242","Medical",NA,817,"2005",1
"243","Medical",NA,264,"2005",1
"244","Biology",NA,693,"2005",1
"245","Biology",NA,7709,"2000",1
"246","Biology",NA,482,"2005",0
"247","Medical",NA,2396,"2000",1
"248","Biology",NA,2391,"1990",1
"249","Biology",NA,2367,"2005",0
"250","Biology",NA,887,"2005",0
"251","Biology",NA,951,"2000",0
"252","Biology",2425485,8180,"2000",1
"253","Medical",NA,231,"2005",1
"254","Medical",NA,512,"2005",1
"255","Biology",NA,96,"2000",0
"256","Medical",NA,6031,"2005",1
"257","Biology",NA,423,"2000",1
"258","Biology",NA,729,"2000",1
"259","Medical",NA,910,"2005",1
"260","Biology",NA,3294,"1995",1
"261","Biology",NA,6751,"2000",1
"262","Biology",22618314,1358,"2005",1
"263","Medical",NA,2672,"2005",1
"264","Biology",NA,610,"2005",1
"265","Medical",NA,3179,"2005",1
"266","Biology",NA,837,"2005",1
"267","Biology",NA,2758,"2000",1
"268","Technology",NA,6763,"2000",1
"269","Technology",NA,1913,"1995",1
"270","Biology",434084,680,"2005",1
"271","Medical",NA,1222,"2000",1
"272","Biology",1876915,2616,"2005",1
"273","Biology",NA,3306,"2005",1
"274","Medical",NA,1163,"2005",1
"275","Medical",NA,6899,"1995",1
"276","Medical",NA,3649,"2000",1
"277","Biology",NA,4277,"2005",1
"278","Biology",NA,1454,"1995",1
"279","Medical",NA,1642,"2005",1
"280","Medical",NA,686,"2005",1
"281","Medical",NA,390,"2005",1
"282","Biology",308520,1155,"2005",1
"283","Biology",NA,1030,"2000",1
"284","Biology",NA,5857,"2005",1
"285","Biology",NA,11192,"1995",1
"286","Biology",NA,8623,"2000",1
"287","Medical",1167224,670,"2005",0
"288","Medical",NA,746,"2005",1
"289","Medical",NA,1336,"2005",1
"290","Biology",NA,3089,"2005",1
"291","Biology",NA,1371,"2005",1
"292","Biology",NA,1849,"2005",1
"293","Biology",3171499,793,"2000",0
"294","Biology",NA,2665,"2005",0
"295","Biology",NA,591,"2005",0
"296","Biology",788528,2004,"2000",0
"297","Biology",NA,483,"2005",1
"298","Biology",NA,3216,"2005",0
"299","Biology",NA,1548,"2000",1
"300","Biology",NA,5867,"2005",1
"301","Biology",NA,1489,"2005",0
"302","Biology",NA,2579,"2000",1
"303","Biology",NA,31825,"2005",1
"304","Biology",NA,352,"2000",1
"305","Biology",NA,1927,"2005",1
"306","Biology",NA,4613,"2005",1
"307","Biology",1650638,514,"2005",1
"308","Biology",NA,829,"2005",0
"309","Medical",NA,581,"2005",1
"310","Biology",NA,718,"2005",0
"311","Biology",NA,470,"2005",1
"312","Technology",NA,987,"2005",1
"313","Biology",NA,410,"2005",0
"314","Biology",NA,901,"2005",1
"315","Biology",NA,1828,"2005",1
"316","Medical",NA,1466,"2005",1
"317","Biology",NA,1582,"2000",1
"318","Biology",NA,1419,"2005",1
"319","Biology",NA,28848,"2000",1
"320","Biology",NA,678,"2005",1
"321","Biology",NA,12393,"1985",1
"322","Biology",2946920,18798,"1990",0
"323","Biology",NA,914,"2005",1
"324","Biology",NA,883,"2005",1
"325","Biology",NA,1822,"2005",1
"326","Biology",NA,2557,"2005",1
"327","Biology",NA,1713,"2000",1
"328","Biology",NA,3758,"2005",1
"329","Biology",NA,935,"2000",1
"330","Medical",NA,1249,"2005",1
"331","Biology",3528173,90575,"1975",1
"332","Biology",NA,738,"2005",1
"333","Medical",NA,2387,"1990",1
"334","Biology",NA,2874,"2005",0
"335","Biology",NA,1009,"2005",0
"336","Biology",NA,1551,"2005",1
"337","Medical",NA,867,"2005",1
"338","Medical",43062387,8875,"2005",1
"339","Biology",319451,1095,"2005",1
"340","Medical",NA,2873,"1995",1
"341","Biology",NA,4706,"1990",1
"342","Medical",NA,1451,"2005",1
"343","Medical",NA,9972,"2005",1
"344","Biology",NA,627,"2005",1
"345","Biology",NA,1260,"2005",0
"346","Medical",NA,1347,"2005",1
"347","Biology",NA,2669,"2005",1
"348","Medical",NA,2290,"2005",1
"349","Biology",NA,1595,"2005",0
"350","Biology",14296069,27444,"1970",1
"351","Medical",2138700,13412,"1975",1
"352","Biology",NA,972,"2005",1
"353","Medical",NA,1895,"1980",1
"354","Biology",40111878,45806,"1975",1
"355","Medical",NA,388,"2005",1
"356","Biology",NA,1248,"2005",1
"357","Biology",NA,165,"2010",0
"358","Medical",72403216,1720,"1995",1
"359","Biology",NA,1375,"2005",1
"360","Biology",NA,508,"2005",1
"361","Medical",NA,8532,"1985",1
"362","Biology",894527,9221,"1995",1
"363","Biology",NA,2513,"2005",0
"364","Biology",NA,545,"2005",1
"365","Medical",NA,8377,"1985",1
"366","Medical",NA,1283,"2000",1
"367","Biology",NA,727,"2005",0
"368","Biology",NA,907,"2005",1
"369","Medical",NA,180,"1985",1
"370","Biology",NA,1297,"2000",1
"371","Biology",NA,269,"2010",1
"372","Medical",NA,1025,"2005",1
"373","Biology",NA,2039,"2005",1
"374","Biology",NA,1793,"2005",0
"375","Biology",10085746,651,"2010",0
"376","Biology",NA,1256,"2005",1
"377","Biology",NA,907,"2005",0
"378","Biology",189777,1285,"2005",1
"379","Biology",NA,1234,"2005",1
"380","Biology",NA,1505,"2005",1
"381","Medical",NA,4615,"1995",1
"382","Biology",NA,592,"2005",1
"383","Biology",NA,921,"2005",0
"384","Medical",1464302,1125,"2005",1
"385","Biology",13315425,9941,"1960",0
"386","Biology",NA,1000,"2005",1
"387","Medical",NA,714,"2005",0
"388","Biology",NA,2758,"2000",1
"389","Biology",NA,1384,"2005",1
"390","Biology",NA,607,"2005",0
"391","Biology",NA,522,"2005",0
"392","Medical",361208,2154,"2000",1
"393","Medical",NA,30216,"2000",1
"394","Medical",NA,2919,"1990",1
"395","Biology",NA,8484,"2000",1
"396","Biology",NA,2289,"1995",0
"397","Biology",140084,11841,"1990",0
"398","Biology",NA,869,"2005",1
"399","Biology",NA,2021,"2005",1
"400","Biology",NA,3910,"2005",1
"401","Biology",NA,460,"2005",1
"402","Biology",NA,3284,"2005",1
"403","Biology",12271203,26215,"1975",1
"404","Medical",NA,5065,"1985",1
"405","Biology",NA,1419,"2005",1
"406","Biology",NA,7272,"1985",1
"407","Biology",NA,754,"2005",1
"408","Biology",NA,908,"2005",1
"409","Biology",NA,10876,"1985",1
"410","Biology",NA,579,"2005",0
"411","Medical",NA,787,"2005",1
"412","Biology",NA,361,"2005",0
"413","Medical",NA,2110,"2005",1
"414","Biology",NA,382,"2005",0
"415","Biology",NA,4839,"2005",1
"416","Biology",NA,996,"2000",1
"417","Biology",NA,606,"2005",1
"418","Medical",NA,1793,"2005",1
"419","Biology",NA,344,"2005",0
"420","Biology",NA,1190,"2005",0
"421","Biology",NA,424,"2005",0
"422","Biology",NA,333,"2005",1
"423","Medical",NA,788,"2005",1
"424","Medical",NA,542,"2005",1
"425","Biology",NA,346,"2005",1
"426","Medical",NA,2783,"2000",0
"427","Medical",NA,373,"2005",1
"428","Technology",NA,641,"2005",1
"429","Biology",NA,2318,"2005",1
"430","Biology",NA,882,"2005",1
"431","Biology",NA,1505,"2005",0
"432","Biology",NA,25501,"1985",1
"433","Biology",NA,1473,"2005",1
"434","Biology",NA,506,"2005",1
"435","Biology",NA,28780,"1990",1
"436","Biology",NA,1198,"2005",1
"437","Medical",NA,7137,"1985",1
"438","Medical",NA,756,"2005",1
"439","Biology",NA,2749,"2005",1
"440","Biology",NA,2934,"2005",1
"441","Medical",261761,1603,"2005",1
"442","Biology",NA,7100,"2005",1
"443","Biology",NA,2760,"2000",0
"444","Biology",NA,992,"2005",1
"445","Biology",NA,750,"2005",0
"446","Medical",NA,444,"2005",1
"447","Technology",NA,1237,"2005",1
"448","Biology",NA,663,"2005",1
"449","Biology",NA,743,"2005",1
"450","Medical",NA,1164,"2005",1
"451","Medical",NA,573,"2000",1
"452","Medical",NA,488,"2005",1
"453","Biology",NA,940,"2005",1
"454","Biology",NA,1653,"2005",1
"455","Biology",NA,8865,"1995",1
"456","Biology",18767061,22404,"1995",1
"457","Biology",865414,16640,"1990",0
"458","Medical",517580,43404,"1990",1
"459","Biology",NA,10700,"1985",1
"460","Biology",NA,11022,"1995",0
"461","Medical",NA,2691,"2000",1
"462","Medical",NA,7031,"1980",1
"463","Biology",NA,6266,"1995",1
"464","Biology",NA,4728,"2000",1
"465","Biology",NA,4897,"1985",1
"466","Biology",NA,7698,"1985",1
"467","Biology",NA,2097,"2000",1
"468","Biology",NA,17083,"1990",1
"469","Biology",NA,23967,"1980",1
"470","Biology",NA,21107,"1985",1
"471","Biology",NA,5406,"1975",1
"472","Medical",14724498,20080,"1980",1
"473","Medical",NA,1561,"1990",1
"474","Medical",NA,8889,"1985",1
"475","Biology",NA,16975,"1995",1
"476","Medical",NA,8556,"1985",1
"477","Biology",NA,4317,"1995",0
"478","Biology",NA,3426,"1990",1
"479","Biology",10971275,19478,"1985",1
"480","Biology",NA,223,"2005",0
"481","Biology",NA,677,"2005",0
"482","Biology",NA,3099,"2000",1
"483","Biology",NA,348,"2005",1
"484","Biology",NA,730,"2005",1
"485","Biology",NA,360,"2005",1
"486","Biology",222484,564,"2005",1
"487","Biology",NA,932,"2005",1
"488","Biology",NA,2034,"2005",1
"489","Biology",NA,315,"2005",0
"490","Medical",NA,339,"2005",1
"491","Biology",NA,529,"2005",1
"492","Biology",NA,1240,"2010",0
"493","Medical",NA,1906,"2005",1
"494","Biology",NA,121,"2005",0
"495","Biology",NA,474,"2005",0
"496","Biology",NA,347,"2005",1
"497","Biology",NA,1415,"2005",1
"498","Biology",NA,1340,"2005",1
"499","Biology",NA,1815,"2000",0
"500","Medical",NA,7537,"1995",1
"501","Medical",NA,14111,"1980",1
"502","Biology",3373883,4741,"1995",1
"503","Biology",NA,3159,"1995",1
"504","Biology",NA,10197,"1980",1
"505","Biology",NA,551,"2005",1
"506","Biology",3902052,6411,"1990",1
"507","Medical",NA,593,"2005",1
"508","Medical",NA,1367,"2005",1
"509","Biology",NA,786,"2005",0
"510","Biology",NA,33695,"1995",0
"511","Biology",688783,3681,"2000",0
"512","Medical",NA,288,"2005",1
"513","Biology",138479,825,"2005",1
"514","Biology",NA,2016,"2005",1
"515","Biology",NA,231,"2010",1
"516","Medical",NA,1078,"2005",1
"517","Medical",NA,2843,"2005",1
"518","Biology",NA,1344,"2005",1
"519","Biology",NA,720,"2005",0
"520","Biology",NA,624,"2005",0
"521","Medical",NA,400,"2005",1
"522","Biology",NA,383,"2005",1
"523","Biology",NA,1118,"2000",1
"524","Biology",NA,2189,"2005",1
"525","Biology",NA,793,"2005",0
"526","Biology",NA,1427,"2010",1
"527","Medical",NA,209,"2005",1
"528","Biology",NA,5107,"1985",1
"529","Medical",NA,819,"2005",1
"530","Medical",NA,329,"2010",1
"531","Medical",NA,1306,"2005",1
"532","Biology",NA,1708,"2010",0
"533","Biology",NA,8234,"1990",1
"534","Biology",NA,945,"2005",1
"535","Biology",NA,1258,"2005",1
"536","Biology",NA,2242,"2005",1
"537","Medical",NA,98379,"1985",1
"538","Biology",2064611,12736,"1980",1
"539","Biology",6263730,7345,"1970",1
"540","Medical",10914655,4341,"1985",1
"541","Biology",NA,28312,"1975",1
"542","Biology",NA,9170,"1980",1
"543","Medical",NA,13340,"2000",1
"544","Biology",13727326,11000,"1985",1
"545","Medical",NA,22043,"1990",1
"546","Biology",27630566,1074,"2005",1
"547","Biology",NA,4167,"1975",1
"548","Biology",1167235,39881,"1965",1
"549","Biology",11549739,27797,"1995",1
"550","Medical",NA,1097,"1985",1
"551","Biology",NA,353,"2010",1
"552","Technology",3941047,10036,"1970",1
"553","Biology",65358,6839,"2005",1
"554","Biology",NA,2537,"2005",1
"555","Biology",NA,834,"2000",0
"556","Biology",NA,752,"2010",1
"557","Biology",968791,5618,"2000",1
"558","Medical",NA,12906,"2000",1
"559","Medical",NA,1288,"2005",0
"560","Medical",NA,2430,"1995",1
"561","Medical",NA,1494,"2000",1
"562","Biology",NA,2865,"1995",1
"563","Biology",15847557,1796,"1980",1
"564","Biology",NA,6861,"1985",1
"565","Biology",NA,1734,"2005",0
"566","Biology",NA,382,"2010",1
"567","Biology",NA,11780,"1980",1
"568","Biology",NA,859,"2010",1
"569","Biology",4877576,59133,"1980",1
"570","Medical",104075303,51048,"1980",1
"571","Medical",NA,30636,"1975",1
"572","Biology",3116672,68400,"1985",1
"573","Biology",NA,35308,"1970",1
"574","Biology",NA,9404,"1965",1
"575","Medical",NA,5770,"1985",1
"576","Biology",NA,71449,"1990",1
"577","Biology",NA,10178,"1975",1
"578","Biology",327490,48415,"1975",1
"579","Biology",8289802,6969,"2000",1
"580","Biology",NA,576,"2005",0
"581","Biology",1031703,12578,"1985",1
"582","Biology",NA,31392,"1980",1
"583","Biology",NA,5706,"1990",1
"584","Biology",NA,12115,"1970",1
"585","Biology",127222104,65811,"1985",1
"586","Biology",NA,6730,"1990",1
"587","Biology",26965971,58827,"1965",1
"588","Medical",NA,17742,"1980",1
"589","Biology",NA,17525,"1980",1
"590","Biology",NA,50528,"1960",1
"591","Biology",62043475,32877,"1990",0
"592","Biology",NA,5763,"1990",1
"593","Medical",196208,8174,"1965",1
"594","Medical",NA,18104,"1960",1
"595","Biology",NA,25766,"1980",1
"596","Medical",24617,25313,"1970",1
"597","Biology",NA,32860,"1985",1
"598","Biology",26969142,53175,"1970",1
"599","Medical",NA,47373,"1980",1
"600","Biology",12460628,52946,"1980",0
"601","Medical",NA,3117,"1985",1
"602","Biology",4603590,27257,"1980",1
"603","Medical",NA,1613,"1995",0
"604","Medical",NA,9374,"1980",1
"605","Medical",NA,9864,"1990",1
"606","Biology",NA,6709,"1985",1
"607","Biology",NA,48595,"1980",1
"608","Medical",NA,11454,"1980",1
"609","Biology",NA,7855,"1970",0
"610","Biology",NA,3417,"1995",1
"611","Biology",NA,5647,"1975",1
"612","Technology",NA,19380,"1970",1
"613","Medical",315150,7280,"1980",1
"614","Biology",NA,7794,"1990",1
"615","Technology",1988537,3145,"1990",1
"616","Medical",NA,1827,"2005",1
"617","Biology",NA,4748,"1995",1
"618","Biology",41691981,8251,"1985",1
"619","Biology",NA,1863,"1985",0
"620","Biology",21404844,17766,"1980",1
"621","Biology",NA,18912,"1990",1
"622","Biology",2467993,4145,"1995",1
"623","Medical",NA,1257,"1995",1
"624","Medical",NA,11515,"1980",1
"625","Medical",NA,9342,"1985",1
"626","Medical",NA,3430,"1995",1
"627","Medical",1721752,9876,"1965",1
"628","Medical",NA,8573,"1990",1
"629","Biology",NA,12689,"1990",1
"630","Medical",462478,5804,"1995",1
"631","Biology",NA,7803,"1985",0
"632","Medical",NA,3791,"1970",1
"633","Biology",1448209,36313,"1985",1
"634","Medical",NA,9068,"1975",1
"635","Biology",NA,5339,"1975",1
"636","Medical",NA,6469,"1990",1
"637","Medical",NA,11431,"1995",1
"638","Medical",NA,1944,"2000",0
"639","Biology",NA,6422,"1980",1
"640","Technology",7909845,13135,"1990",1
"641","Biology",NA,2513,"1990",1
"642","Biology",NA,5069,"2000",1
"643","Medical",NA,1909,"1995",1
"644","Medical",NA,6282,"1990",1
"645","Medical",NA,1479,"1995",1
"646","Biology",4496875,4865,"1990",1
"647","Technology",291645,1165,"1985",0
"648","Technology",747422,3892,"2000",1
"649","Medical",NA,1830,"2000",1
"650","Biology",1044263,8624,"1980",1
"651","Biology",NA,3547,"2000",1
"652","Biology",NA,1415,"1995",1
"653","Biology",NA,4917,"1980",0
"654","Medical",NA,5337,"2000",1
"655","Biology",279186,1615,"1995",1
"656","Medical",494812,2294,"2000",1
"657","Biology",NA,2907,"1975",0
"658","Medical",NA,1187,"2005",1
"659","Biology",4326845,12969,"1980",1
"660","Biology",NA,2169,"2000",1
"661","Medical",NA,4421,"1995",1
"662","Medical",NA,805,"1980",1
"663","Biology",NA,2849,"1985",1
"664","Biology",NA,2879,"1995",1
"665","Biology",NA,8714,"1980",1
"666","Biology",NA,942,"2000",0
"667","Biology",NA,704,"2010",1
"668","Biology",10876763,1159,"1995",0
"669","Biology",NA,164,"2010",1
"670","Biology",234700,799,"2005",1
"671","Biology",NA,111,"2005",1
"672","Biology",NA,752,"2010",1
"673","Biology",NA,742,"2010",0
"674","Biology",NA,332,"2010",0
"675","Biology",NA,1813,"2010",0
"676","Medical",NA,9470,"1975",1
"677","Biology",NA,179,"2000",1
"678","Biology",NA,553,"2005",1
"679","Biology",NA,697,"2010",1
"680","Biology",NA,851,"2010",0
"681","Biology",960117,12805,"1995",1
"682","Biology",NA,480,"2010",1
"683","Biology",NA,965,"2005",1
"684","Biology",NA,19902,"1990",1
"685","Biology",72854328,63205,"1965",1
"686","Biology",NA,21764,"1975",1
"687","Biology",NA,70768,"1980",1
"688","Medical",NA,15460,"1975",1
"689","Medical",NA,20717,"1975",1
"690","Medical",91824,22138,"1975",1
"691","Biology",1199133,146716,"1970",1
"692","Biology",2665427,70877,"1970",1
"693","Biology",37791488,69060,"1980",1
"694","Biology",24387489,30323,"1980",1
"695","Medical",NA,26189,"1975",1
"696","Medical",NA,60066,"1975",1
"697","Medical",NA,97005,"1975",1
"698","Biology",NA,677,"2005",1
"699","Biology",10738711,282,"2005",1
"700","Medical",NA,1506,"2000",1
"701","Biology",NA,632,"2000",1
"702","Biology",15113806,9801,"1990",1
"703","Medical",NA,10438,"1995",1
"704","Biology",2582388,12836,"2000",0
"705","Biology",NA,85527,"1970",1
"706","Biology",NA,586,"2010",0
"707","Biology",NA,689,"2010",1
"708","Biology",NA,753,"2000",0
"709","Biology",NA,276,"2005",0
"710","Medical",20728053,3613,"1985",1
"711","Biology",NA,1210,"2010",0
"712","Medical",NA,188,"1995",1
"713","Biology",NA,3278,"1990",1
"714","Biology",4314433,2326,"1995",1
"715","Biology",NA,787,"2005",1
"716","Medical",NA,223,"2005",1
"717","Biology",NA,354,"2010",1
"718","Medical",NA,737,"2010",1
"719","Medical",NA,1196,"2005",1
"720","Biology",NA,1067,"2010",1
"721","Medical",NA,788,"2010",1
"722","Biology",2881168,6843,"1990",1
"723","Biology",NA,602,"2005",0
"724","Medical",NA,716,"2010",1
"725","Biology",NA,267,"2005",0
"726","Medical",NA,579,"2010",1
"727","Medical",NA,2845,"2005",1
"728","Technology",NA,439,"2010",1
"729","Biology",NA,862,"2010",1
"730","Medical",NA,904,"2010",1
"731","Biology",NA,280,"2010",0
"732","Biology",NA,1031,"2010",1
"733","Biology",NA,248,"2010",0
"734","Biology",294075,2344,"2010",1
"735","Biology",NA,983,"2010",1
"736","Biology",NA,468,"2010",1
"737","Biology",1451359,14275,"2010",1
"738","Biology",NA,836,"2010",1
"739","Biology",NA,1428,"2005",0
"740","Medical",NA,767,"2005",1
"741","Biology",NA,1829,"2010",1
"742","Biology",NA,222,"2010",0
"743","Biology",NA,309,"2010",1
"744","Medical",NA,838,"2000",1
"745","Biology",NA,976,"2010",0
"746","Medical",292129,621,"2010",0
"747","Medical",NA,551,"2010",1
"748","Biology",NA,2406,"1985",1
"749","Medical",NA,335,"2010",1
"750","Biology",NA,299,"2010",1
"751","Biology",NA,137,"2010",0
"752","Biology",NA,500,"2005",0
"753","Medical",NA,1282,"2005",1
"754","Biology",NA,526,"2010",0
"755","Biology",NA,303,"2010",1
"756","Biology",NA,2921,"2010",1
"757","Biology",NA,3465,"1995",1
"758","Biology",NA,1399,"2010",1
"759","Biology",NA,445,"2010",0
"760","Medical",NA,542,"2010",1
"761","Medical",NA,4663,"1995",1
"762","Biology",NA,2766,"1975",0
"763","Medical",NA,687,"2005",1
"764","Medical",NA,1513,"2005",1
"765","Medical",NA,1570,"1980",1
"766","Biology",NA,4029,"1990",1
"767","Technology",NA,2590,"2000",1
"768","Medical",NA,3154,"1985",0
"769","Biology",NA,736,"2005",0
"770","Medical",NA,263,"2010",1
"771","Medical",NA,693,"2005",1
"772","Biology",NA,3312,"2005",1
"773","Biology",NA,5273,"1985",1
"774","Biology",NA,1308,"1990",1
"775","Medical",NA,5184,"1970",0
"776","Biology",NA,222,"2010",0
"777","Medical",1998580,725,"2010",1
"778","Biology",NA,280,"2010",1
"779","Biology",NA,345,"1980",1
"780","Biology",21531,1194,"2010",1
"781","Medical",NA,1228,"2010",0
"782","Biology",NA,324,"2005",1
"783","Medical",NA,371,"2010",1
"784","Biology",NA,667,"2010",1
"785","Biology",NA,2166,"2010",1
"786","Biology",NA,602,"2010",1
"787","Biology",NA,308,"2010",1
"788","Biology",NA,428,"2005",1
"789","Biology",NA,5346,"2000",1
"790","Biology",2215710,781,"2010",1
"791","Biology",NA,578,"2005",1
"792","Medical",NA,3821,"2005",1
"793","Biology",NA,1820,"2005",0
"794","Biology",NA,2013,"2010",1
"795","Medical",NA,667,"2010",0
"796","Biology",NA,1877,"2010",1
"797","Biology",519520,1794,"1995",1
"798","Biology",NA,977,"2010",1
"799","Medical",NA,817,"2010",1
"800","Biology",NA,365,"2010",0
"801","Biology",NA,747,"2005",1
"802","Biology",NA,876,"2010",1
"803","Biology",NA,416,"2010",0
"804","Biology",NA,274,"2010",0
"805","Medical",NA,378,"2010",1
"806","Biology",NA,211,"2010",0
"807","Medical",NA,1789,"2010",1
"808","Biology",NA,705,"2010",1
"809","Medical",4778361,24002,"1985",1
"810","Biology",NA,171,"2010",1
"811","Medical",NA,2980,"2010",1
"812","Biology",NA,368,"2010",0
"813","Biology",21531,607,"2010",1
"814","Biology",NA,784,"2010",1
"815","Biology",2390012,572,"2010",1
"816","Medical",NA,848,"2010",1
"817","Biology",NA,1368,"2010",1
"818","Biology",NA,163,"2010",0
"819","Medical",NA,162,"2010",1
"820","Medical",NA,1132,"2010",1
"821","Biology",6529510,13706,"1980",1
"822","Medical",NA,581,"2010",1
"823","Biology",222484,702,"2010",1
"824","Medical",NA,1721,"2000",1
"825","Biology",NA,814,"2010",0
"826","Medical",NA,3195,"1995",1
"827","Medical",NA,224,"2010",1
"828","Biology",NA,420,"2010",1
"829","Biology",NA,480,"2010",1
"830","Biology",NA,437,"2010",0
"831","Biology",NA,12588,"1995",1
"832","Technology",NA,237,"2010",1
"833","Biology",NA,5502,"1990",1
"834","Biology",NA,1054,"2010",1
"835","Medical",NA,255,"2010",1
"836","Biology",NA,7541,"1975",1
"837","Medical",NA,7308,"1995",1
"838","Biology",2533492,1536,"2005",1
"839","Biology",NA,9010,"1995",1
"840","Biology",9907936,33560,"1980",1
"841","Biology",NA,18225,"1985",1
"842","Biology",6749163,12478,"1990",0
"843","Technology",8780912,25563,"1965",1
"844","Biology",NA,12881,"1990",1
"845","Biology",NA,13811,"1990",1
"846","Biology",NA,670,"2005",1
"847","Biology",NA,7247,"1990",1
"848","Biology",NA,3284,"1980",1
"849","Biology",NA,514,"1995",0
"850","Biology",NA,446,"2010",1
"851","Medical",2833679,7101,"1995",1
"852","Biology",NA,339,"2005",1
"853","Biology",8586,1918,"2010",1
"854","Biology",NA,111,"2010",1
"855","Biology",NA,302,"2010",0
"856","Biology",27533495,12198,"1985",0
"857","Medical",NA,14193,"1985",1
"858","Medical",NA,912,"1995",0
"859","Medical",NA,4068,"1985",1
"860","Biology",NA,910,"2010",0
"861","Biology",NA,625,"2010",0
"862","Biology",NA,1202,"2010",1
"863","Biology",NA,2213,"1995",1
"864","Biology",NA,2669,"2000",1
"865","Medical",NA,6918,"1980",1
"866","Medical",NA,9580,"1985",1
"867","Medical",NA,2097,"1985",1
"868","Biology",NA,170,"2010",0
"869","Medical",NA,664,"2005",1
"870","Medical",NA,641,"2005",1
"871","Medical",NA,158,"2010",1
"872","Biology",NA,836,"2010",0
"873","Medical",936033,9794,"1980",1
"874","Biology",NA,795,"2010",0
"875","Medical",NA,223,"2005",1
"876","Biology",NA,288,"2010",0
"877","Biology",NA,1448,"2010",0
"878","Medical",NA,4001,"1985",1
"879","Biology",NA,204,"2010",1
"880","Medical",16677246,1915,"2005",1
"881","Medical",NA,24536,"1975",1
"882","Biology",NA,2099,"2000",1
"883","Biology",NA,15455,"1980",1
"884","Medical",NA,6201,"1995",1
"885","Biology",NA,12793,"1985",1
"886","Medical",NA,1187,"2000",1
"887","Medical",NA,3163,"2000",1
"888","Biology",NA,574,"2005",1
"889","Biology",NA,296,"2005",1
"890","Biology",NA,1122,"1975",0
"891","Medical",NA,4283,"1990",1
"892","Medical",NA,8310,"1975",1
"893","Biology",NA,6188,"2000",1
"894","Biology",NA,2238,"2005",0
"895","Medical",NA,250,"2010",1
"896","Biology",NA,69011,"1975",1
"897","Biology",NA,344,"2005",0
"898","Medical",NA,4409,"1995",0
"899","Medical",NA,1651,"2010",1
"900","Biology",NA,2161,"1995",1
"901","Medical",3223043,9707,"1995",1
"902","Medical",9615735,2563,"1995",1
"903","Biology",97782,1837,"2000",1
"904","Biology",NA,9979,"2000",0
"905","Biology",583735,1185,"2005",0
"906","Biology",NA,267,"2010",0
"907","Medical",NA,592,"2010",1
"908","Biology",NA,506,"2010",1
"909","Biology",212297,14571,"1965",1
"910","Biology",47095,4797,"1995",1
"911","Medical",NA,15066,"1985",1
"912","Biology",3012509,2409,"1995",1
"913","Biology",NA,17003,"1985",1
"914","Biology",NA,293,"2010",1
"915","Biology",68110638,8784,"1985",1
"916","Biology",NA,54277,"1970",1
"917","Biology",NA,360,"2010",0
"918","Medical",NA,4619,"1990",1
"919","Medical",NA,361,"2005",0
"920","Biology",NA,893,"2005",1
"921","Medical",50658981,23464,"2005",1
"922","Medical",NA,2166,"1990",0
"923","Medical",NA,7944,"1980",0
"924","Medical",NA,5432,"1975",1
"925","Biology",NA,3256,"1990",1
"926","Biology",NA,277,"2010",1
"927","Biology",NA,1733,"2010",1
"928","Biology",NA,161,"2010",1
"929","Biology",NA,11378,"1985",0
"930","Biology",NA,2674,"1995",0
"931","Biology",20120270,549,"1985",1
"932","Biology",NA,7747,"2000",1
"933","Biology",NA,5310,"1995",1
"934","Biology",NA,3468,"1990",1
"935","Medical",NA,5990,"1990",1
"936","Medical",NA,415,"2010",1
"937","Biology",246346,1627,"1970",1
"938","Medical",12554488,7132,"1980",1
"939","Medical",NA,4681,"1990",1
"940","Biology",61705,3283,"2005",1
"941","Medical",NA,3048,"2000",1
"942","Biology",NA,264,"2005",0
"943","Biology",NA,151,"2005",1
"944","Biology",NA,10458,"1995",1
"945","Biology",1845567,3093,"1980",1
"946","Biology",NA,3153,"1995",1
"947","Biology",NA,746,"2010",1
"948","Medical",NA,3307,"1980",1
"949","Biology",NA,6692,"1990",1
"950","Biology",NA,248,"2010",0
"951","Biology",NA,1185,"2005",1
"952","Medical",NA,9811,"1970",1
"953","Biology",NA,23896,"1985",1
"954","Biology",NA,20281,"1990",1
"955","Biology",NA,863,"2010",1
"956","Biology",2842309,2706,"1995",1
"957","Biology",NA,124,"2010",1
"958","Medical",NA,8930,"1985",1
"959","Biology",NA,45281,"1970",1
"960","Biology",NA,113702,"1970",1
"961","Biology",NA,781,"2005",1
"962","Medical",NA,643,"2010",1
"963","Biology",NA,5108,"1990",1
"964","Medical",NA,7841,"1990",1
"965","Biology",NA,648,"2000",0
"966","Medical",NA,956,"2000",1
"967","Medical",NA,1228,"1990",1
"968","Biology",NA,5100,"1990",1
"969","Biology",NA,4917,"1995",1
"970","Medical",NA,3083,"1995",1
"971","Biology",NA,740,"1995",1
"972","Biology",NA,271,"2010",0
"973","Biology",NA,2754,"2000",1
"974","Medical",NA,1093,"2000",1
"975","Medical",NA,1565,"2000",1
"976","Medical",NA,4793,"1995",1
"977","Biology",NA,4893,"1985",1
"978","Biology",500744,1622,"2000",1
"979","Technology",NA,1784,"2005",1
"980","Medical",178495,1598,"1995",1
"981","Biology",NA,1147,"2005",1
"982","Biology",NA,2176,"2000",1
"983","Biology",NA,3052,"1990",1
"984","Biology",NA,3111,"1995",0
"985","Biology",NA,8458,"1985",1
"986","Biology",NA,1774,"1990",1
"987","Medical",NA,1369,"1995",1
"988","Medical",NA,1651,"2000",1
"989","Biology",NA,1594,"1995",0
"990","Biology",NA,1601,"2000",1
"991","Biology",NA,3601,"2000",1
"992","Biology",NA,3208,"1990",1
"993","Medical",NA,2838,"1985",1
"994","Biology",NA,2310,"1995",1
"995","Biology",NA,47867,"1975",1
"996","Biology",NA,3563,"1995",1
"997","Biology",NA,4937,"1995",1
"998","Medical",NA,386,"2010",0
"999","Biology",NA,1870,"1995",1
"1000","Medical",1341908,10289,"1990",1
"1001","Biology",NA,1812,"1995",1
"1002","Biology",NA,2374,"2010",1
"1003","Biology",NA,4407,"1995",1
"1004","Biology",NA,287,"2010",1
"1005","Medical",22900468,6495,"1980",1
"1006","Biology",NA,1556,"1990",0
"1007","Biology",NA,2954,"1985",1
"1008","Biology",NA,3065,"1990",1
"1009","Biology",NA,610,"2010",1
"1010","Technology",NA,7287,"1995",1
"1011","Biology",NA,653,"2000",1
"1012","Biology",NA,26879,"1990",1
"1013","Biology",NA,7638,"2000",1
"1014","Biology",13035877,253,"2010",0
"1015","Biology",NA,32354,"1965",1
"1016","Biology",NA,24338,"1970",1
"1017","Biology",NA,5215,"1995",0
"1018","Biology",NA,7824,"1980",1
"1019","Biology",NA,11084,"1990",1
"1020","Biology",NA,610,"2010",1
"1021","Biology",NA,4689,"1990",1
"1022","Medical",NA,829,"1995",1
"1023","Biology",NA,140,"2010",1
"1024","Biology",2298894,149,"2010",1
"1025","Medical",NA,2406,"1995",1
"1026","Biology",NA,228,"2010",0
"1027","Biology",33841182,1691,"1985",1
"1028","Medical",NA,9952,"1985",1
"1029","Medical",NA,4393,"1995",1
"1030","Medical",NA,2957,"1990",1
"1031","Medical",NA,25871,"1970",1
"1032","Biology",731904,113685,"1975",1
"1033","Biology",14814141,4747,"1975",1
"1034","Biology",312083,28397,"1980",1
"1035","Medical",NA,6378,"1990",1
"1036","Biology",NA,13135,"1980",1
"1037","Medical",NA,35161,"1975",1
"1038","Biology",248720,6043,"1995",1
"1039","Biology",4413453,1243,"2005",1
"1040","Medical",NA,1450,"2005",1
"1041","Biology",1782326,11175,"1995",1
"1042","Biology",NA,841,"2000",1
"1043","Biology",2068666,10384,"1975",1
"1044","Biology",NA,4077,"1990",1
"1045","Biology",NA,5719,"1990",1
"1046","Medical",NA,8365,"2000",1
"1047","Medical",NA,6570,"1990",1
"1048","Medical",NA,9680,"1975",1
"1049","Biology",NA,5623,"1985",1
"1050","Biology",2452376,69014,"1970",1
"1051","Biology",NA,5478,"1980",1
"1052","Biology",NA,1464,"2010",0
"1053","Biology",NA,1390,"2000",0
"1054","Biology",1886566,8083,"1990",1
"1055","Medical",NA,11467,"1975",1
"1056","Biology",NA,965,"2010",0
"1057","Medical",NA,285,"2010",1
"1058","Biology",NA,763,"2005",0
"1059","Biology",NA,349,"2005",0
"1060","Medical",NA,10397,"1970",1
"1061","Biology",NA,12787,"1990",1
"1062","Biology",NA,45702,"1975",1
"1063","Medical",NA,6427,"2005",1
"1064","Medical",NA,27005,"1975",1
"1065","Biology",NA,156,"2010",0
"1066","Medical",926800,43091,"1990",1
"1067","Medical",NA,36062,"2000",1
"1068","Biology",NA,1079,"2005",1
"1069","Medical",NA,6390,"1985",1
"1070","Biology",NA,309,"2010",1
"1071","Medical",6130732,4524,"1995",1
"1072","Biology",977617,984,"1995",1
"1073","Biology",NA,1129,"2010",1
"1074","Biology",1012656,2659,"2000",0
"1075","Biology",1007741,11948,"1970",1
"1076","Biology",1715158,4067,"2005",1
"1077","Technology",NA,82,"2010",0
"1078","Biology",14863461,18142,"1980",1
"1079","Biology",66303122,5259,"2005",1
"1080","Biology",NA,19464,"1980",1
"1081","Biology",56089632,37577,"1975",1
"1082","Biology",NA,870,"2005",1
"1083","Biology",NA,1694,"2000",1
"1084","Biology",NA,2554,"1990",1
"1085","Biology",564880,693,"2005",0
"1086","Biology",NA,4648,"1985",1
"1087","Biology",NA,3250,"2005",1
"1088","Biology",NA,10282,"1990",0
"1089","Medical",2597686,5603,"1985",1
"1090","Biology",NA,2069,"2005",0
"1091","Biology",4034150,333,"2005",1
"1092","Biology",18986529,9597,"1985",1
"1093","Medical",NA,11253,"1970",1
"1094","Medical",NA,7069,"1970",1
"1095","Biology",NA,22873,"1980",1
"1096","Medical",NA,14473,"1990",1
"1097","Biology",28810231,3812,"1980",1
"1098","Biology",1021275,2829,"1985",1
"1099","Biology",NA,8881,"1990",1
"1100","Medical",NA,83,"2015",1
"1101","Biology",NA,10527,"1995",1
"1102","Medical",26033245,41926,"1990",1
"1103","Medical",1869764,1355,"2000",1
"1104","Biology",NA,9390,"1990",1
"1105","Medical",16792851,614,"2000",1
"1106","Biology",NA,4188,"2000",0
"1107","Biology",NA,2094,"2005",1
"1108","Medical",NA,1072,"2000",1
"1109","Medical",306696,1748,"1990",1
"1110","Medical",632290,3657,"1975",1
"1111","Biology",NA,1789,"2000",1
"1112","Biology",NA,2852,"2000",1
"1113","Medical",21078167,1143,"2005",1
"1114","Biology",NA,5455,"1990",1
"1115","Medical",4664,1428,"1995",1
"1116","Biology",NA,6477,"1985",0
"1117","Biology",621135,6137,"1990",0
"1118","Medical",NA,3257,"1985",1
"1119","Biology",NA,1178,"2000",0
"1120","Medical",NA,3233,"1995",0
"1121","Biology",NA,4902,"1980",1
"1122","Medical",NA,3062,"1985",1
"1123","Medical",4365471,358,"2010",1
"1124","Biology",NA,403,"2010",0
"1125","Biology",NA,1413,"2000",1
"1126","Biology",NA,790,"2005",1
"1127","Biology",NA,3397,"2005",1
"1128","Biology",NA,73,"2010",0
"1129","Biology",NA,523,"1985",0
"1130","Medical",NA,661,"2005",1
"1131","Biology",NA,5647,"1990",1
"1132","Biology",NA,7082,"2000",0
"1133","Biology",NA,788,"2000",1
"1134","Biology",NA,99,"2010",0
"1135","Medical",NA,9931,"1985",1
"1136","Biology",NA,1399,"2000",1
"1137","Medical",NA,5633,"2000",1
"1138","Technology",NA,938,"2000",1
"1139","Medical",NA,1813,"2000",1
"1140","Biology",NA,920,"2000",1
"1141","Biology",NA,1403,"2000",1
"1142","Biology",NA,9823,"1990",1
"1143","Biology",NA,6839,"2000",1
"1144","Biology",NA,944,"2000",1
"1145","Biology",NA,2675,"2000",1
"1146","Medical",1673061,1200,"2000",1
"1147","Biology",NA,8791,"2000",1
"1148","Biology",NA,2032,"2000",1
"1149","Biology",NA,1405,"2000",0
"1150","Biology",NA,2047,"2000",0
"1151","Biology",NA,799,"2000",0
"1152","Biology",NA,298,"2000",0
"1153","Biology",NA,457,"2000",0
"1154","Biology",NA,879,"2000",0
"1155","Biology",NA,101,"2000",0
"1156","Biology",NA,1458,"2000",1
"1157","Medical",NA,2416,"2005",1
"1158","Medical",2186067,1049,"2000",1
"1159","Biology",NA,2542,"2000",0
"1160","Medical",NA,2921,"2000",1
"1161","Biology",NA,3860,"2000",1
"1162","Medical",NA,417,"1985",1
"1163","Biology",NA,2676,"2000",1
"1164","Biology",NA,1233,"2000",1
"1165","Biology",NA,6304,"2000",1
"1166","Biology",NA,3392,"2000",1
"1167","Biology",NA,3008,"2000",1
"1168","Biology",NA,1122,"2000",1
"1169","Biology",NA,1728,"1995",1
"1170","Medical",NA,947,"2000",1
"1171","Biology",NA,1008,"2005",1
"1172","Medical",NA,5250,"2000",1
"1173","Biology",NA,670,"1995",1
"1174","Biology",NA,3915,"1995",1
"1175","Medical",NA,1164,"2000",0
"1176","Biology",NA,1623,"2000",1
"1177","Biology",NA,1997,"2000",1
"1178","Biology",NA,2290,"2000",1
"1179","Biology",NA,809,"2000",0
"1180","Biology",NA,1381,"2000",0
"1181","Medical",NA,987,"2005",1
"1182","Biology",1844537,2120,"2000",1
"1183","Biology",NA,815,"2000",0
"1184","Medical",1728805,2655,"2000",1
"1185","Biology",NA,1431,"2000",1
"1186","Medical",NA,664,"2000",1
"1187","Medical",NA,1794,"2000",0
"1188","Medical",NA,1421,"2000",1
"1189","Biology",NA,4037,"1995",1
"1190","Medical",NA,658,"2000",1
"1191","Medical",17415976,1706,"1995",1
"1192","Medical",NA,776,"2000",1
"1193","Biology",NA,5279,"2000",1
"1194","Biology",NA,2635,"2000",0
"1195","Medical",NA,3307,"2000",1
"1196","Biology",NA,2831,"2000",1
"1197","Biology",NA,2345,"2000",1
"1198","Biology",NA,2240,"2000",1
"1199","Biology",NA,2314,"1995",1
"1200","Biology",NA,1425,"2000",1
"1201","Biology",NA,3084,"2000",1
"1202","Biology",NA,583,"2000",0
"1203","Medical",NA,1455,"2000",0
"1204","Medical",NA,1265,"1990",1
"1205","Biology",NA,4583,"2000",1
"1206","Biology",NA,615,"2000",1
"1207","Medical",NA,5258,"2000",1
"1208","Biology",NA,4362,"2000",1
"1209","Biology",NA,1841,"2000",1
"1210","Medical",NA,1186,"2000",1
"1211","Medical",NA,2355,"2000",1
"1212","Medical",33276,2119,"2000",1
"1213","Biology",NA,6321,"2000",1
"1214","Biology",NA,2659,"2000",1
"1215","Biology",NA,489,"2000",0
"1216","Biology",NA,6723,"2000",1
"1217","Biology",NA,1023,"1990",0
"1218","Biology",NA,940,"2000",0
"1219","Biology",NA,1669,"1995",1
"1220","Medical",NA,576,"2000",1
"1221","Medical",NA,2979,"2000",1
"1222","Medical",NA,1193,"2000",1
"1223","Biology",NA,1047,"1965",0
"1224","Medical",NA,613,"2005",1
"1225","Biology",NA,5530,"2000",1
"1226","Biology",NA,4484,"2000",0
"1227","Biology",NA,2101,"2000",1
"1228","Biology",NA,1262,"2000",1
"1229","Biology",NA,3452,"2000",1
"1230","Medical",NA,3704,"1995",0
"1231","Biology",NA,1728,"2000",0
"1232","Biology",NA,653,"2000",1
"1233","Medical",NA,1980,"2000",1
"1234","Biology",NA,1394,"2000",1
"1235","Biology",NA,1360,"1995",1
"1236","Biology",NA,3451,"2000",1
"1237","Biology",NA,1972,"2000",0
"1238","Medical",NA,1217,"2000",1
"1239","Biology",NA,30192,"1995",1
"1240","Biology",NA,981,"2000",1
"1241","Biology",NA,7753,"2000",1
"1242","Biology",220773,8130,"1995",1
"1243","Medical",NA,986,"1990",1
"1244","Biology",NA,1622,"2000",1
"1245","Biology",1820303,6600,"1985",1
"1246","Biology",NA,3250,"1995",0
"1247","Biology",NA,6380,"1995",1
"1248","Medical",NA,2629,"2000",1
"1249","Biology",NA,3955,"1995",0
"1250","Biology",NA,2234,"2005",1
"1251","Medical",NA,1949,"1990",1
"1252","Medical",NA,3506,"2000",1
"1253","Biology",NA,3890,"1995",1
"1254","Medical",482557,2342,"2000",1
"1255","Biology",NA,1693,"1990",1
"1256","Medical",NA,1034,"2000",1
"1257","Biology",NA,1838,"2000",1
"1258","Medical",NA,3789,"1995",1
"1259","Medical",NA,1599,"1995",1
"1260","Biology",NA,941,"1995",1
"1261","Medical",NA,195,"2000",0
"1262","Medical",6634606,1493,"1995",1
"1263","Medical",NA,3654,"1995",1
"1264","Medical",NA,1854,"1995",1
"1265","Biology",NA,970,"1990",1
"1266","Biology",NA,1027,"1980",1
"1267","Biology",NA,3058,"2000",1
"1268","Medical",5684365,1709,"1985",1
"1269","Medical",NA,9495,"1995",1
"1270","Medical",NA,2374,"1990",1
"1271","Biology",NA,5883,"1995",0
"1272","Biology",NA,5029,"1990",1
"1273","Medical",NA,1126,"1995",1
"1274","Medical",NA,5314,"1995",1
"1275","Biology",NA,2384,"1985",0
"1276","Biology",5935339,4275,"1995",1
"1277","Biology",NA,1443,"1990",1
"1278","Biology",NA,1177,"1990",0
"1279","Biology",NA,3588,"1995",1
"1280","Medical",NA,8242,"2000",1
"1281","Biology",NA,2893,"1990",1
"1282","Biology",NA,3813,"1990",1
"1283","Medical",NA,12061,"2000",1
"1284","Biology",NA,1902,"1995",0
"1285","Medical",NA,1722,"1990",1
"1286","Biology",NA,2678,"2000",1
"1287","Biology",NA,4330,"2000",1
"1288","Biology",NA,2649,"2000",1
"1289","Biology",NA,4592,"1995",1
"1290","Medical",NA,697,"2000",0
"1291","Biology",NA,2717,"2000",1
"1292","Medical",NA,1088,"2000",1
"1293","Biology",NA,4793,"1995",1
"1294","Biology",NA,2148,"2000",1
"1295","Medical",NA,4796,"1995",1
"1296","Biology",NA,2526,"2000",1
"1297","Medical",NA,3681,"1990",1
"1298","Medical",NA,1490,"1995",1
"1299","Biology",NA,3676,"1995",1
"1300","Medical",NA,3193,"1995",1
"1301","Biology",NA,2652,"1995",1
"1302","Medical",NA,846,"1990",1
"1303","Medical",NA,1948,"1995",1
"1304","Biology",NA,1820,"2000",1
"1305","Biology",NA,9598,"2000",1
"1306","Medical",NA,6863,"1995",1
"1307","Biology",25206175,56933,"2000",1
"1308","Biology",NA,1356,"1990",1
"1309","Biology",1862080,7729,"2000",1
"1310","Medical",NA,1161,"2000",1
"1311","Biology",NA,3969,"1995",1
"1312","Medical",NA,1117,"2000",0
"1313","Biology",NA,572,"1995",0
"1314","Biology",NA,3241,"1995",1
"1315","Biology",NA,1974,"1990",1
"1316","Medical",43062387,4410,"1990",1
"1317","Medical",NA,5960,"2000",1
"1318","Biology",NA,1895,"1995",1
"1319","Biology",NA,3760,"1995",1
"1320","Medical",2075998,4558,"1995",1
"1321","Biology",NA,1306,"1985",1
"1322","Biology",NA,10715,"1995",1
"1323","Biology",NA,2695,"2000",1
"1324","Biology",NA,4684,"2000",1
"1325","Biology",NA,7312,"1995",1
"1326","Medical",3759107,2835,"2000",1
"1327","Medical",NA,2355,"1995",1
"1328","Medical",NA,2481,"1995",1
"1329","Medical",NA,4107,"1995",1
"1330","Biology",NA,4125,"1995",1
"1331","Biology",NA,2136,"1995",1
"1332","Biology",NA,6893,"1995",1
"1333","Biology",NA,1031,"1995",0
"1334","Medical",NA,1935,"2000",0
"1335","Biology",NA,3232,"1990",1
"1336","Biology",NA,1665,"1975",1
"1337","Medical",NA,614,"2005",1
"1338","Biology",NA,1939,"1995",1
"1339","Biology",NA,1196,"1995",0
"1340","Biology",NA,6702,"2000",1
"1341","Biology",NA,1347,"2000",0
"1342","Medical",NA,5701,"1995",1
"1343","Medical",NA,4335,"2000",1
"1344","Medical",NA,1343,"2000",1
"1345","Biology",NA,855,"1990",1
"1346","Biology",NA,1023,"1995",1
"1347","Biology",NA,5248,"1995",1
"1348","Biology",NA,2749,"1995",1
"1349","Biology",NA,785,"1990",1
"1350","Medical",NA,2181,"2000",1
"1351","Biology",NA,2675,"1995",1
"1352","Biology",NA,2312,"1995",1
"1353","Biology",NA,4195,"1985",1
"1354","Biology",NA,7930,"1995",1
"1355","Medical",NA,1088,"2000",1
"1356","Biology",NA,5810,"2000",1
"1357","Biology",1363522,1723,"1990",1
"1358","Medical",NA,4145,"1995",1
"1359","Technology",NA,894,"1990",1
"1360","Medical",NA,823,"1995",1
"1361","Medical",NA,2416,"2000",1
"1362","Biology",NA,949,"1990",1
"1363","Medical",NA,1097,"1990",1
"1364","Medical",NA,3805,"1995",1
"1365","Medical",NA,2043,"1995",1
"1366","Biology",NA,3883,"1990",1
"1367","Medical",NA,2214,"2000",1
"1368","Biology",NA,1109,"1995",1
"1369","Biology",NA,1844,"1995",1
"1370","Biology",NA,1508,"1990",1
"1371","Biology",NA,1847,"1995",1
"1372","Biology",352587,5437,"2000",1
"1373","Biology",1169451,6765,"1990",0
"1374","Medical",NA,1637,"1990",1
"1375","Biology",NA,3487,"2000",1
"1376","Medical",NA,1346,"1995",1
"1377","Biology",NA,6169,"1995",1
"1378","Medical",NA,2415,"1970",1
"1379","Biology",NA,986,"2000",1
"1380","Biology",NA,2432,"1990",1
"1381","Biology",NA,2044,"2000",1
"1382","Biology",NA,1375,"1995",1
"1383","Biology",NA,4304,"2000",0
"1384","Biology",NA,4752,"1995",1
"1385","Biology",NA,3591,"2000",0
"1386","Medical",11044223,2910,"2000",1
"1387","Biology",4392148,3040,"1985",1
"1388","Biology",NA,4363,"1995",1
"1389","Biology",NA,1977,"1995",1
"1390","Biology",NA,2581,"1990",1
"1391","Medical",NA,1766,"1995",1
"1392","Biology",536272,23093,"1990",1
"1393","Biology",NA,3779,"1995",1
"1394","Biology",NA,6851,"2000",1
"1395","Biology",NA,6463,"1995",1
"1396","Biology",NA,2709,"1995",1
"1397","Medical",NA,1917,"1990",1
"1398","Biology",1854849,2207,"1995",1
"1399","Biology",NA,1540,"1985",1
"1400","Biology",NA,10530,"1985",1
"1401","Biology",NA,1819,"1985",0
"1402","Biology",NA,9124,"2000",1
"1403","Medical",NA,947,"1985",1
"1404","Biology",NA,8287,"1995",1
"1405","Medical",NA,2125,"1990",1
"1406","Biology",NA,4357,"2000",1
"1407","Biology",NA,5373,"2000",1
"1408","Biology",NA,1733,"1990",1
"1409","Biology",NA,3800,"1995",1
"1410","Biology",NA,1312,"2000",1
"1411","Biology",161542,17598,"2000",1
"1412","Biology",NA,1826,"1995",1
"1413","Technology",NA,3953,"2000",1
"1414","Biology",NA,3484,"2000",1
"1415","Biology",NA,3996,"1995",0
"1416","Biology",NA,4580,"1995",1
"1417","Technology",NA,1801,"1995",1
"1418","Biology",NA,1685,"1995",1
"1419","Medical",NA,1445,"1995",1
"1420","Biology",NA,2738,"2000",1
"1421","Biology",NA,1927,"1995",0
"1422","Biology",NA,7326,"1995",1
"1423","Medical",NA,5259,"2000",1
"1424","Biology",NA,2026,"1990",1
"1425","Biology",NA,6545,"2000",1
"1426","Biology",NA,2243,"1995",1
"1427","Biology",NA,1177,"1990",0
"1428","Biology",17415976,1634,"1995",1
"1429","Medical",NA,4820,"1990",1
"1430","Medical",NA,2076,"2000",1
"1431","Biology",43758218,9777,"1990",1
"1432","Medical",NA,3039,"1995",1
"1433","Biology",NA,2201,"2000",1
"1434","Medical",NA,7325,"1995",1
"1435","Biology",NA,5054,"1995",1
"1436","Biology",NA,728,"1990",1
"1437","Biology",NA,1361,"1995",1
"1438","Medical",NA,5453,"1995",1
"1439","Technology",NA,1814,"1995",1
"1440","Biology",NA,1036,"2000",0
"1441","Biology",NA,5380,"2000",1
"1442","Biology",NA,1098,"2000",1
"1443","Biology",NA,1138,"2000",1
"1444","Medical",NA,1619,"1985",1
"1445","Biology",NA,3315,"1995",1
"1446","Biology",2193778,7056,"1995",1
"1447","Medical",NA,3414,"2000",1
"1448","Medical",NA,3587,"2000",1
"1449","Medical",NA,8650,"1990",1
"1450","Biology",NA,1720,"2000",1
"1451","Medical",NA,6850,"1995",1
"1452","Medical",327332,1692,"2000",1
"1453","Medical",NA,458,"1990",1
"1454","Biology",NA,1293,"1995",0
"1455","Medical",NA,2586,"2000",1
"1456","Biology",NA,1966,"1995",1
"1457","Medical",195709,5906,"1995",1
"1458","Biology",NA,730,"1990",1
"1459","Medical",NA,5134,"1990",1
"1460","Biology",206559,419,"1990",0
"1461","Biology",1230984,6177,"2000",1
"1462","Biology",NA,4792,"2000",0
"1463","Medical",NA,2672,"1995",1
"1464","Medical",NA,1100,"1995",1
"1465","Biology",NA,3267,"1990",0
"1466","Biology",NA,3458,"1995",1
"1467","Medical",NA,1881,"2000",1
"1468","Biology",NA,5320,"1995",1
"1469","Biology",1341908,1422,"1990",1
"1470","Biology",NA,4379,"1990",0
"1471","Medical",NA,3326,"1995",1
"1472","Biology",NA,935,"1995",1
"1473","Biology",531098,32541,"2000",1
"1474","Biology",NA,2578,"1985",1
"1475","Medical",NA,2001,"2000",1
"1476","Medical",NA,3445,"1990",1
"1477","Biology",NA,7645,"1990",1
"1478","Biology",NA,2164,"1985",1
"1479","Biology",NA,1926,"1980",1
"1480","Biology",557190,5378,"1990",1
"1481","Biology",NA,3489,"1990",1
"1482","Biology",NA,3924,"1985",0
"1483","Medical",NA,1092,"1995",1
"1484","Biology",5831144,2212,"1990",1
"1485","Medical",NA,1251,"1995",1
"1486","Biology",NA,5843,"1990",1
"1487","Biology",NA,10341,"2000",1
"1488","Biology",NA,947,"1990",0
"1489","Biology",NA,6883,"1995",1
"1490","Medical",NA,4399,"2000",1
"1491","Medical",NA,6364,"1985",1
"1492","Biology",NA,2486,"1995",1
"1493","Medical",NA,14689,"1990",1
"1494","Biology",NA,794,"2005",1
"1495","Biology",NA,2908,"2000",1
"1496","Biology",NA,275,"2000",0
"1497","Medical",NA,1576,"1995",1
"1498","Biology",NA,5199,"1985",1
"1499","Biology",NA,5907,"1990",1
"1500","Biology",NA,6980,"1995",1
"1501","Biology",NA,2002,"1995",1
"1502","Biology",NA,1372,"2000",0
"1503","Biology",4153492,2168,"1980",1
"1504","Biology",1782326,5252,"1990",1
"1505","Biology",NA,2525,"1990",1
"1506","Biology",NA,4988,"2000",1
"1507","Biology",NA,4432,"1995",1
"1508","Medical",13193781,7176,"1995",1
"1509","Biology",NA,3617,"1990",1
"1510","Biology",NA,2118,"1995",0
"1511","Biology",NA,5774,"1995",1
"1512","Medical",NA,3094,"1990",1
"1513","Biology",NA,670,"1995",0
"1514","Biology",NA,5228,"1990",1
"1515","Biology",NA,14921,"1995",1
"1516","Medical",NA,6750,"1990",1
"1517","Biology",429944,3271,"1985",1
"1518","Biology",NA,2280,"2000",0
"1519","Biology",NA,1559,"1995",1
"1520","Biology",NA,5880,"1995",1
"1521","Medical",1069027,1051,"1990",1
"1522","Biology",NA,1467,"1990",1
"1523","Medical",NA,5417,"1990",1
"1524","Biology",NA,1841,"1985",1
"1525","Medical",NA,3625,"1985",1
"1526","Biology",NA,3599,"1995",1
"1527","Biology",NA,2545,"2000",1
"1528","Biology",NA,3995,"1995",1
"1529","Biology",NA,7188,"1995",1
"1530","Biology",NA,2953,"1975",1
"1531","Biology",NA,747,"1995",1
"1532","Biology",NA,17613,"1990",1
"1533","Biology",NA,7276,"1995",1
"1534","Biology",NA,2154,"1995",1
"1535","Medical",NA,5956,"1990",1
"1536","Biology",6403031,16704,"2000",1
"1537","Biology",NA,3123,"1995",0
"1538","Biology",NA,3734,"1990",1
"1539","Medical",NA,5009,"1985",1
"1540","Biology",NA,4574,"1990",1
"1541","Biology",259629,1540,"1980",1
"1542","Biology",NA,2757,"1990",0
"1543","Biology",2414621,4281,"1995",1
"1544","Medical",1979213,4957,"1995",1
"1545","Biology",NA,3064,"1995",1
"1546","Medical",9053127,3573,"1995",1
"1547","Biology",1542631,16664,"1975",1
"1548","Biology",NA,6409,"1985",0
"1549","Medical",NA,5149,"1990",1
"1550","Medical",NA,4284,"1980",1
"1551","Medical",NA,15328,"1990",1
"1552","Biology",NA,920,"1990",0
"1553","Medical",NA,4939,"1995",1
"1554","Biology",NA,8888,"1995",1
"1555","Biology",NA,1470,"1975",1
"1556","Biology",NA,14507,"1995",1
"1557","Biology",NA,3819,"1995",1
"1558","Biology",NA,4578,"2000",1
"1559","Biology",NA,30480,"1995",1
"1560","Biology",NA,2138,"1990",1
"1561","Biology",NA,4182,"1985",1
"1562","Biology",NA,4491,"1995",1
"1563","Biology",NA,9269,"2000",1
"1564","Biology",43206692,8134,"1995",1
"1565","Biology",NA,6694,"1990",0
"1566","Biology",NA,5578,"1995",1
"1567","Medical",NA,2364,"2005",1
"1568","Medical",NA,1840,"1995",1
"1569","Biology",NA,12940,"2000",1
"1570","Biology",NA,4050,"1985",0
"1571","Biology",NA,2991,"1990",0
"1572","Biology",NA,2063,"2000",0
"1573","Biology",NA,4185,"1990",1
"1574","Biology",NA,1137,"1990",1
"1575","Biology",NA,3302,"2000",1
"1576","Medical",NA,1669,"1995",1
"1577","Biology",NA,35357,"1995",1
"1578","Biology",NA,5158,"1985",1
"1579","Biology",NA,1411,"1990",1
"1580","Biology",NA,5220,"1990",1
"1581","Biology",NA,2215,"1980",1
"1582","Medical",NA,1492,"2000",1
"1583","Biology",NA,4529,"1995",1
"1584","Biology",NA,11693,"1995",1
"1585","Medical",NA,1537,"1980",1
"1586","Medical",NA,1318,"1990",1
"1587","Biology",1705938,11899,"2000",1
"1588","Biology",NA,4158,"1995",0
"1589","Medical",3079217,2699,"1995",1
"1590","Biology",NA,4109,"2000",1
"1591","Biology",NA,2443,"1995",0
"1592","Biology",NA,4274,"2000",1
"1593","Technology",NA,1150,"1995",1
"1594","Biology",NA,3430,"1985",1
"1595","Biology",NA,7054,"1995",1
"1596","Medical",NA,737,"1990",1
"1597","Medical",NA,9767,"1995",1
"1598","Medical",NA,1485,"1985",1
"1599","Medical",NA,3377,"1995",1
"1600","Biology",945316,2149,"1990",1
"1601","Biology",NA,2771,"1985",1
"1602","Medical",NA,7060,"1990",1
"1603","Technology",NA,1031,"1985",1
"1604","Biology",NA,2310,"1990",1
"1605","Biology",NA,5235,"1995",1
"1606","Medical",NA,1217,"2000",1
"1607","Biology",NA,995,"2000",0
"1608","Medical",NA,10639,"1995",1
"1609","Biology",NA,8247,"1990",1
"1610","Medical",NA,3228,"1985",1
"1611","Biology",NA,4326,"1995",1
"1612","Biology",NA,7806,"1990",1
"1613","Medical",NA,3997,"1995",1
"1614","Medical",NA,4192,"1990",1
"1615","Biology",NA,3061,"2000",1
"1616","Biology",NA,4974,"1990",1
"1617","Medical",NA,23462,"1995",1
"1618","Medical",NA,998,"1985",1
"1619","Biology",NA,7070,"1990",1
"1620","Biology",NA,7933,"1995",1
"1621","Medical",1644413,8839,"2000",1
"1622","Biology",NA,14586,"1995",1
"1623","Medical",NA,4491,"1990",1
"1624","Biology",NA,6854,"1990",0
"1625","Biology",3026403,5129,"1990",0
"1626","Biology",NA,6341,"1995",1
"1627","Biology",4695193,10251,"1995",1
"1628","Biology",NA,747,"2000",0
"1629","Biology",276217,10113,"1995",1
"1630","Biology",NA,2420,"1980",1
"1631","Biology",NA,1866,"1995",1
"1632","Biology",NA,8392,"1995",1
"1633","Biology",NA,13433,"1995",0
"1634","Medical",NA,4834,"1995",1
"1635","Biology",4392148,2808,"1980",1
"1636","Biology",NA,1994,"1990",1
"1637","Medical",NA,3643,"1990",1
"1638","Medical",NA,6980,"1995",1
"1639","Medical",NA,1416,"1985",1
"1640","Biology",NA,2691,"1990",1
"1641","Biology",11491043,6717,"1990",1
"1642","Biology",28985502,31075,"1995",1
"1643","Medical",NA,11268,"1995",1
"1644","Biology",NA,9972,"1990",1
"1645","Biology",NA,4467,"1990",1
"1646","Medical",3548256,3149,"1995",1
"1647","Medical",23174699,17858,"1995",1
"1648","Biology",NA,3667,"1995",1
"1649","Biology",NA,8080,"1995",1
"1650","Biology",NA,3415,"1990",1
"1651","Medical",NA,6348,"1980",1
"1652","Biology",NA,1609,"2000",1
"1653","Biology",NA,3025,"2000",1
"1654","Medical",NA,5084,"1990",1
"1655","Medical",6628878,3040,"1995",1
"1656","Biology",NA,9498,"1995",1
"1657","Biology",NA,12381,"2000",1
"1658","Medical",NA,5226,"2000",1
"1659","Medical",NA,939,"1985",1
"1660","Biology",NA,3536,"1980",1
"1661","Medical",1639164,12203,"1985",1
"1662","Biology",NA,4442,"1990",0
"1663","Biology",NA,12846,"1990",1
"1664","Biology",NA,3741,"1995",1
"1665","Biology",NA,1496,"1990",1
"1666","Biology",NA,874,"2000",0
"1667","Biology",1577866,3880,"1990",0
"1668","Medical",NA,1305,"2000",0
"1669","Biology",NA,6455,"1985",1
"1670","Biology",57838,1758,"1990",1
"1671","Medical",NA,16529,"1995",1
"1672","Biology",NA,6665,"1980",1
"1673","Biology",NA,23733,"1985",1
"1674","Biology",123020,31851,"1995",1
"1675","Biology",NA,3481,"1990",1
"1676","Biology",NA,5364,"1980",1
"1677","Biology",39040477,52727,"1980",1
"1678","Biology",NA,22909,"1995",1
"1679","Biology",1464549,953,"1995",0
"1680","Medical",NA,7382,"1990",1
"1681","Biology",NA,3159,"1985",1
"1682","Biology",NA,22757,"1990",1
"1683","Biology",16236154,4222,"1985",1
"1684","Biology",39904957,58313,"1995",1
"1685","Biology",NA,4907,"2000",1
"1686","Biology",NA,5076,"1990",1
"1687","Medical",199052,19926,"1985",1
"1688","Biology",NA,13168,"1985",1
"1689","Biology",NA,2815,"1985",0
"1690","Biology",NA,2033,"1980",1
"1691","Medical",NA,3066,"1980",1
"1692","Biology",NA,759,"2000",1
"1693","Biology",NA,4146,"1990",1
"1694","Biology",133860,4220,"1990",1
"1695","Medical",NA,8451,"1990",1
"1696","Biology",NA,6097,"1995",1
"1697","Biology",NA,6452,"1995",1
"1698","Biology",942964,4291,"2000",0
"1699","Medical",18422,5052,"1985",1
"1700","Medical",NA,1897,"1980",1
"1701","Biology",NA,2797,"1990",0
"1702","Medical",NA,4048,"1975",1
"1703","Biology",22735875,4104,"1980",1
"1704","Biology",NA,2672,"2000",1
"1705","Biology",NA,3894,"1985",1
"1706","Medical",NA,4708,"1985",1
"1707","Medical",NA,3900,"1990",1
"1708","Medical",NA,738,"1980",1
"1709","Biology",NA,12119,"1990",1
"1710","Medical",NA,650,"2000",0
"1711","Medical",NA,4965,"1985",1
"1712","Biology",NA,8825,"1995",1
"1713","Biology",NA,13564,"1990",1
"1714","Biology",NA,1176,"2000",1
"1715","Biology",NA,2062,"2000",0
"1716","Medical",NA,3952,"1995",0
"1717","Biology",NA,9578,"1990",1
"1718","Biology",NA,6274,"1990",1
"1719","Medical",NA,2586,"1970",1
"1720","Medical",10379554,10271,"1990",1
"1721","Biology",NA,16368,"2005",1
"1722","Biology",NA,1302,"1980",0
"1723","Biology",NA,2178,"1985",1
"1724","Biology",NA,5850,"1985",1
"1725","Biology",NA,1177,"2000",1
"1726","Medical",NA,7647,"1995",1
"1727","Biology",117329,4864,"1995",1
"1728","Biology",9180630,4757,"2000",0
"1729","Biology",NA,4281,"1980",1
"1730","Biology",NA,11526,"1995",1
"1731","Biology",NA,8010,"1995",1
"1732","Biology",7927864,14699,"1980",1
"1733","Biology",NA,2701,"1990",0
"1734","Biology",NA,3022,"1985",1
"1735","Biology",NA,3036,"1985",1
"1736","Biology",16255226,5784,"1990",0
"1737","Biology",NA,22082,"1985",1
"1738","Medical",19872864,5981,"1980",1
"1739","Biology",NA,1662,"2000",1
"1740","Biology",NA,4563,"2000",0
"1741","Biology",NA,10418,"1985",1
"1742","Biology",NA,11286,"1985",0
"1743","Medical",NA,1446,"1985",1
"1744","Biology",NA,18781,"1970",1
"1745","Medical",NA,955,"1975",1
"1746","Medical",NA,1369,"2005",1
"1747","Biology",NA,3421,"1995",1
"1748","Biology",NA,15836,"1985",1
"1749","Biology",NA,4094,"1985",1
"1750","Biology",3049201,5917,"1990",0
"1751","Biology",NA,11793,"1995",1
"1752","Biology",NA,4213,"2000",1
"1753","Biology",3894989,2489,"1985",1
"1754","Medical",NA,3575,"1990",1
"1755","Biology",NA,3641,"1995",1
"1756","Biology",NA,12488,"1990",1
"1757","Biology",NA,13409,"1985",1
"1758","Medical",NA,4766,"1990",1
"1759","Biology",379876,10224,"1995",1
"1760","Medical",NA,6291,"1995",1
"1761","Biology",NA,4986,"1995",1
"1762","Biology",NA,6917,"1995",1
"1763","Biology",NA,5974,"1990",1
"1764","Biology",44933372,10461,"1985",1
"1765","Biology",NA,627,"2000",1
"1766","Biology",5314932,2607,"1990",1
"1767","Biology",NA,3269,"1985",1
"1768","Technology",3884592,1649,"1985",1
"1769","Biology",NA,2582,"1985",1
"1770","Biology",NA,8059,"1980",1
"1771","Biology",NA,344,"2005",1
"1772","Biology",NA,7517,"1995",1
"1773","Medical",NA,1730,"1990",1
"1774","Biology",NA,17133,"1990",1
"1775","Biology",NA,4761,"1990",1
"1776","Biology",NA,3153,"1985",0
"1777","Biology",NA,2074,"1985",0
"1778","Medical",NA,6576,"1980",1
"1779","Biology",51493506,7064,"1990",1
"1780","Biology",NA,2835,"1995",1
"1781","Biology",NA,4222,"1985",1
"1782","Biology",NA,4184,"1980",0
"1783","Biology",712887,6962,"1990",1
"1784","Medical",NA,1082,"2000",0
"1785","Biology",NA,11253,"1990",1
"1786","Biology",NA,3875,"1975",1
"1787","Medical",NA,2313,"1970",1
"1788","Medical",NA,5634,"1985",1
"1789","Biology",NA,5000,"1975",1
"1790","Medical",NA,9205,"1990",1
"1791","Biology",NA,6136,"1995",1
"1792","Biology",3598207,12194,"1970",1
"1793","Biology",NA,2933,"1985",1
"1794","Medical",NA,7944,"1975",1
"1795","Biology",NA,4148,"1995",1
"1796","Biology",NA,9600,"1990",1
"1797","Medical",NA,4785,"1995",1
"1798","Medical",NA,7413,"1985",1
"1799","Biology",NA,5222,"1995",1
"1800","Medical",NA,1558,"2000",1
"1801","Biology",14189247,19986,"1985",1
"1802","Biology",NA,3320,"1985",1
"1803","Biology",NA,2945,"1975",1
"1804","Biology",NA,1332,"1980",0
"1805","Biology",NA,11152,"1990",1
"1806","Biology",NA,10267,"1985",1
"1807","Biology",NA,1413,"2000",1
"1808","Medical",279140,6307,"1980",1
"1809","Medical",NA,16373,"1985",1
"1810","Biology",NA,3549,"1970",0
"1811","Medical",519497,11002,"2000",1
"1812","Biology",2038106,18138,"1985",1
"1813","Biology",2658880,2250,"1990",1
"1814","Biology",NA,3923,"1990",1
"1815","Medical",37946519,14475,"1980",1
"1816","Medical",NA,16786,"1990",1
"1817","Biology",4700311,5417,"1985",1
"1818","Medical",NA,6646,"1965",1
"1819","Medical",NA,2456,"1995",1
"1820","Biology",NA,30508,"1990",1
"1821","Biology",NA,9001,"1990",1
"1822","Medical",NA,2221,"2000",1
"1823","Biology",NA,5810,"1990",1
"1824","Biology",NA,355,"1990",1
"1825","Biology",NA,2764,"1995",1
"1826","Medical",NA,4218,"1990",1
"1827","Biology",NA,6518,"1970",1
"1828","Biology",NA,20542,"1985",1
"1829","Biology",1734251,16265,"1990",1
"1830","Biology",NA,6886,"1965",1
"1831","Technology",NA,8095,"1975",1
"1832","Medical",13193781,9489,"1990",1
"1833","Medical",NA,5005,"1990",1
"1834","Medical",NA,1375,"2000",1
"1835","Biology",19025,2760,"1980",1
"1836","Biology",NA,9604,"1985",1
"1837","Biology",NA,2439,"1995",1
"1838","Biology",NA,5593,"1990",1
"1839","Biology",NA,6628,"1995",0
"1840","Biology",NA,7614,"1990",1
"1841","Biology",NA,9007,"1990",1
"1842","Biology",18782674,9374,"1990",1
"1843","Biology",NA,2231,"1995",1
"1844","Biology",NA,8315,"1980",0
"1845","Medical",2148854,26997,"1980",1
"1846","Medical",NA,8995,"1980",1
"1847","Biology",NA,10122,"1995",1
"1848","Biology",NA,3584,"2000",1
"1849","Medical",NA,5004,"1990",1
"1850","Biology",NA,4593,"1980",1
"1851","Biology",NA,1160,"1980",0
"1852","Biology",NA,5318,"1990",0
"1853","Biology",NA,3229,"1995",1
"1854","Biology",NA,10516,"1995",1
"1855","Medical",NA,2223,"1985",1
"1856","Medical",NA,3721,"1990",1
"1857","Medical",NA,7174,"1975",1
"1858","Biology",NA,19986,"1965",1
"1859","Biology",NA,6255,"1995",1
"1860","Medical",NA,729,"2005",1
"1861","Medical",NA,3609,"1990",1
"1862","Medical",2708841,17787,"1995",1
"1863","Medical",8277711,5627,"1985",1
"1864","Biology",NA,3110,"2000",1
"1865","Medical",9837227,5759,"1995",0
"1866","Biology",NA,10707,"1985",1
"1867","Biology",NA,6555,"1995",1
"1868","Medical",NA,4465,"1995",1
"1869","Biology",NA,2014,"1980",1
"1870","Medical",NA,5999,"1995",1
"1871","Biology",NA,1634,"1990",0
"1872","Medical",NA,6669,"2000",1
"1873","Medical",NA,16420,"1990",1
"1874","Biology",NA,12775,"1970",1
"1875","Biology",15793838,2351,"1980",1
"1876","Biology",NA,41119,"1995",1
"1877","Medical",NA,1934,"2000",1
"1878","Biology",NA,3717,"1995",1
"1879","Biology",50314505,16586,"1985",1
"1880","Biology",NA,2584,"1970",0
"1881","Biology",7715946,4232,"1995",1
"1882","Medical",NA,3493,"1975",1
"1883","Biology",NA,8499,"1985",1
"1884","Medical",NA,3191,"1980",1
"1885","Biology",NA,6852,"1985",1
"1886","Biology",4153492,4405,"1980",1
"1887","Biology",NA,16989,"1975",1
"1888","Biology",NA,867,"2000",1
"1889","Biology",1444071,7912,"1995",1
"1890","Medical",NA,13632,"1995",1
"1891","Biology",4153492,3041,"1970",1
"1892","Medical",NA,14619,"1995",1
"1893","Biology",NA,12346,"1970",1
"1894","Biology",NA,5520,"1995",1
"1895","Biology",2483375,14534,"1990",1
"1896","Medical",NA,10188,"1980",1
"1897","Biology",NA,5631,"1990",1
"1898","Technology",1869209,3221,"1990",1
"1899","Medical",NA,4761,"1975",1
"1900","Biology",NA,6480,"1990",1
"1901","Biology",NA,8206,"1985",1
"1902","Biology",NA,4378,"1985",1
"1903","Medical",NA,6275,"1985",1
"1904","Biology",NA,10472,"1970",1
"1905","Medical",NA,22849,"1980",1
"1906","Medical",NA,7981,"1975",1
"1907","Medical",NA,20703,"1980",1
"1908","Medical",NA,13953,"1985",1
"1909","Biology",21353756,49490,"1980",1
"1910","Biology",NA,4034,"1985",0
"1911","Biology",NA,3576,"1980",1
"1912","Biology",NA,9480,"1990",1
"1913","Biology",NA,4431,"1985",1
"1914","Medical",NA,2075,"1995",1
"1915","Biology",NA,9258,"1985",1
"1916","Biology",NA,6683,"1985",1
"1917","Biology",NA,10448,"1985",1
"1918","Biology",4286543,5397,"2000",1
"1919","Biology",NA,4700,"1985",1
"1920","Biology",NA,2560,"2000",1
"1921","Medical",NA,7514,"1985",1
"1922","Medical",NA,12731,"1990",1
"1923","Biology",NA,6057,"1985",1
"1924","Biology",NA,1470,"2000",1
"1925","Medical",3422828,952,"2005",1
"1926","Biology",NA,1586,"1985",1
"1927","Technology",NA,7318,"1980",1
"1928","Biology",1490834,4590,"1975",0
"1929","Medical",33539467,5324,"1985",1
"1930","Biology",NA,2743,"1990",1
"1931","Biology",NA,13391,"2000",1
"1932","Medical",NA,6584,"1985",0
"1933","Medical",NA,8420,"1970",1
"1934","Biology",NA,19715,"1985",1
"1935","Medical",NA,4796,"1980",1
"1936","Biology",NA,10613,"1970",0
"1937","Biology",NA,1065,"1985",0
"1938","Medical",NA,13167,"1980",1
"1939","Biology",NA,2117,"1995",1
"1940","Medical",NA,13043,"1990",1
"1941","Biology",24611701,28585,"1985",1
"1942","Biology",NA,1016,"1990",0
"1943","Medical",NA,6378,"1990",1
"1944","Medical",NA,4377,"1990",1
"1945","Biology",NA,7132,"2000",0
"1946","Biology",NA,3355,"2000",1
"1947","Medical",4254740,13739,"1990",1
"1948","Medical",NA,5677,"1985",1
"1949","Biology",15024994,7407,"1990",1
"1950","Medical",NA,38991,"1980",1
"1951","Technology",NA,24737,"1995",1
"1952","Medical",NA,17633,"1980",1
"1953","Medical",NA,16692,"1985",1
"1954","Medical",NA,10698,"1990",1
"1955","Biology",NA,3843,"1975",1
"1956","Biology",7943506,2552,"1990",1
"1957","Medical",NA,4575,"1995",1
"1958","Biology",NA,4941,"1995",1
"1959","Technology",NA,22858,"1975",1
"1960","Biology",15793838,7653,"1985",1
"1961","Medical",10218599,22746,"1980",1
"1962","Medical",36059618,26358,"1980",1
"1963","Biology",NA,2482,"2000",0
"1964","Medical",NA,66516,"1985",1
"1965","Medical",NA,4624,"1985",1
"1966","Biology",NA,8693,"1985",1
"1967","Medical",NA,13167,"1975",1
"1968","Biology",NA,8340,"1990",1
"1969","Biology",1300455,7312,"1980",0
"1970","Biology",NA,12659,"1985",1
"1971","Biology",NA,17923,"1985",1
"1972","Biology",NA,5963,"1985",1
"1973","Medical",11329577,10702,"1985",1
"1974","Biology",24810807,8695,"1990",1
"1975","Biology",NA,5969,"1990",1
"1976","Biology",113561665,477,"1995",1
"1977","Biology",NA,12065,"1975",1
"1978","Biology",NA,9143,"1980",0
"1979","Biology",NA,6031,"1975",1
"1980","Medical",NA,10888,"1995",1
"1981","Medical",NA,13550,"1980",1
"1982","Biology",3888294,31676,"1980",1
"1983","Biology",NA,8613,"1990",1
"1984","Medical",NA,9048,"1980",1
"1985","Medical",NA,6879,"1985",1
"1986","Medical",NA,12643,"1980",1
"1987","Medical",1444071,16687,"1990",1
"1988","Medical",NA,5725,"1990",1
"1989","Biology",NA,17702,"1975",1
"1990","Biology",NA,8850,"1990",1
"1991","Medical",4227221,9688,"1980",1
"1992","Medical",NA,1428,"1985",0
"1993","Medical",NA,8777,"1985",1
"1994","Medical",NA,4492,"1975",1
"1995","Medical",NA,1376,"1970",1
"1996","Medical",NA,584,"2000",1
"1997","Medical",NA,7210,"1985",1
"1998","Biology",NA,13415,"1990",1
"1999","Biology",NA,5127,"1970",1
"2000","Biology",375195,16429,"1995",1
"2001","Biology",871796,13034,"1985",1
"2002","Biology",14470281,10938,"1985",1
"2003","Biology",NA,16767,"1980",1
"2004","Medical",6637496,46494,"1980",1
"2005","Biology",NA,1858,"2000",1
"2006","Biology",NA,18068,"1975",1
"2007","Biology",NA,3574,"1995",1
"2008","Biology",NA,7503,"1985",1
"2009","Medical",NA,17625,"1970",1
"2010","Biology",NA,6907,"1970",1
"2011","Biology",NA,4004,"1995",1
"2012","Biology",NA,10791,"1975",1
"2013","Medical",NA,7863,"1980",1
"2014","Biology",NA,6300,"1985",1
"2015","Biology",NA,3905,"1995",1
"2016","Biology",NA,20294,"1990",1
"2017","Medical",NA,17939,"1985",1
"2018","Biology",NA,10534,"1990",1
"2019","Medical",NA,4859,"1980",1
"2020","Biology",NA,5074,"1995",1
"2021","Biology",NA,2945,"1975",0
"2022","Biology",NA,2194,"1990",1
"2023","Biology",NA,1791,"1995",1
"2024","Biology",219420,2117,"1990",1
"2025","Biology",7015384,30900,"1980",1
"2026","Biology",NA,2428,"1995",1
"2027","Medical",NA,13338,"1985",1
"2028","Biology",NA,4222,"1985",1
"2029","Biology",NA,907,"2000",0
"2030","Biology",1754581,19416,"1990",1
"2031","Biology",10584600,21404,"1995",1
"2032","Medical",NA,4227,"1990",1
"2033","Biology",NA,4297,"1975",1
"2034","Biology",326747,11229,"1970",1
"2035","Medical",NA,7653,"1985",1
"2036","Biology",NA,1717,"2000",1
"2037","Medical",22662098,29163,"1985",1
"2038","Medical",106685013,28933,"1990",1
"2039","Biology",NA,6469,"1975",1
"2040","Biology",NA,7144,"1995",1
"2041","Medical",1855267,19765,"1980",1
"2042","Biology",414871,20152,"1975",1
"2043","Biology",NA,2926,"1980",1
"2044","Biology",NA,3689,"1990",0
"2045","Biology",NA,6293,"1990",1
"2046","Medical",NA,4148,"1995",1
"2047","Medical",12440659,10484,"1985",1
"2048","Technology",NA,2712,"1995",1
"2049","Biology",NA,8430,"1985",1
"2050","Medical",NA,10997,"1995",1
"2051","Biology",15971972,16097,"1985",1
"2052","Biology",NA,2790,"1980",1
"2053","Biology",NA,4822,"1980",1
"2054","Medical",NA,78579,"1985",1
"2055","Medical",NA,4549,"1995",1
"2056","Medical",NA,8002,"1995",1
"2057","Medical",NA,472,"1995",0
"2058","Biology",17755615,7662,"1985",1
"2059","Medical",NA,3472,"1980",1
"2060","Biology",NA,25156,"1980",1
"2061","Biology",NA,1961,"1970",0
"2062","Biology",NA,4229,"1990",1
"2063","Biology",NA,8378,"1980",1
"2064","Biology",NA,5350,"2000",1
"2065","Biology",NA,12865,"1975",1
"2066","Biology",4345814,5689,"1975",1
"2067","Biology",NA,10766,"1990",1
"2068","Biology",NA,6043,"1990",1
"2069","Biology",4163888,12079,"1985",1
"2070","Biology",28404074,167,"1990",0
"2071","Biology",NA,11188,"1985",1
"2072","Biology",3478157,27671,"1985",1
"2073","Biology",5631656,11369,"1985",1
"2074","Biology",NA,7603,"1975",1
"2075","Biology",NA,13786,"1990",1
"2076","Medical",NA,2116,"1985",1
"2077","Medical",NA,7590,"1980",1
"2078","Biology",1016178,10271,"1985",1
"2079","Biology",NA,13751,"1980",1
"2080","Biology",NA,16776,"1980",1
"2081","Biology",NA,9533,"2000",1
"2082","Medical",NA,10031,"1975",1
"2083","Biology",NA,9791,"1985",1
"2084","Biology",11336651,12642,"1985",0
"2085","Biology",4793678,17723,"1990",1
"2086","Medical",NA,13740,"1985",1
"2087","Biology",4925829,22372,"1985",1
"2088","Medical",NA,12973,"1980",1
"2089","Biology",NA,9297,"1980",1
"2090","Biology",NA,7356,"1985",1
"2091","Medical",NA,2141,"2000",0
"2092","Biology",NA,1442,"2000",0
"2093","Biology",NA,423,"1995",1
"2094","Biology",NA,4038,"1995",0
"2095","Biology",4054334,19889,"1995",1
"2096","Biology",NA,6451,"1990",1
"2097","Medical",NA,1212,"1995",1
"2098","Biology",9029178,19209,"1995",1
"2099","Biology",NA,6693,"1970",1
"2100","Medical",NA,9477,"1990",1
"2101","Biology",NA,9952,"1990",1
"2102","Medical",NA,4002,"1980",1
"2103","Medical",68565148,31512,"1980",1
"2104","Biology",NA,5096,"1995",1
"2105","Medical",NA,17736,"1985",1
"2106","Medical",NA,10563,"1985",1
"2107","Medical",NA,22232,"1995",1
"2108","Biology",NA,3611,"1995",1
"2109","Biology",NA,11553,"1975",1
"2110","Biology",NA,8269,"1985",0
"2111","Medical",NA,9375,"1990",1
"2112","Biology",NA,8659,"1975",1
"2113","Medical",NA,1874,"1990",1
"2114","Biology",271506,17563,"1980",1
"2115","Biology",5458160,7844,"1990",1
"2116","Biology",NA,8156,"1975",1
"2117","Medical",NA,11576,"1990",1
"2118","Medical",NA,648,"2000",1
"2119","Biology",307588,17952,"1965",1
"2120","Medical",NA,2613,"1985",0
"2121","Biology",NA,16602,"1985",1
"2122","Medical",NA,8964,"1980",1
"2123","Biology",NA,19829,"1985",1
"2124","Biology",7791543,11262,"1990",1
"2125","Biology",NA,18412,"1980",1
"2126","Biology",NA,5295,"1970",1
"2127","Medical",NA,19535,"2000",1
"2128","Biology",1038411,11700,"1980",1
"2129","Biology",NA,3595,"1960",1
"2130","Biology",NA,8392,"1985",1
"2131","Biology",NA,2669,"1995",1
"2132","Biology",NA,6149,"1975",1
"2133","Biology",NA,9158,"1985",1
"2134","Medical",NA,4785,"1970",1
"2135","Medical",NA,3968,"1975",1
"2136","Medical",NA,15788,"1980",1
"2137","Medical",NA,2645,"1975",1
"2138","Biology",NA,2641,"1995",1
"2139","Biology",NA,20091,"1965",0
"2140","Biology",NA,1529,"1985",1
"2141","Biology",NA,17219,"1995",1
"2142","Biology",NA,1626,"1995",0
"2143","Medical",NA,11970,"1985",1
"2144","Medical",NA,7312,"1980",1
"2145","Biology",NA,3784,"1965",1
"2146","Biology",NA,5855,"1975",0
"2147","Biology",NA,6786,"1990",1
"2148","Biology",3356198,8447,"1970",1
"2149","Biology",1650500,3971,"1995",1
"2150","Medical",NA,7334,"1975",0
"2151","Biology",3884592,16163,"1985",1
"2152","Biology",NA,57484,"1985",1
"2153","Biology",325248,3482,"1990",1
"2154","Medical",NA,13208,"1980",1
"2155","Biology",NA,19277,"1980",0
"2156","Medical",NA,9636,"1980",1
"2157","Biology",11908244,58831,"1960",1
"2158","Medical",9611733,4701,"1990",1
"2159","Biology",NA,12723,"1975",1
"2160","Medical",NA,3750,"2000",1
"2161","Biology",NA,11942,"1990",1
"2162","Biology",NA,4417,"1975",1
"2163","Biology",NA,12031,"1995",1
"2164","Biology",NA,15281,"1965",0
"2165","Biology",NA,7269,"1980",1
"2166","Biology",NA,9467,"1980",1
"2167","Biology",NA,4427,"1965",1
"2168","Medical",NA,5913,"1980",1
"2169","Biology",NA,1847,"2000",0
"2170","Medical",NA,6096,"1980",1
"2171","Medical",NA,4099,"1965",1
"2172","Biology",NA,3964,"1985",1
"2173","Medical",103588693,15891,"1985",1
"2174","Biology",NA,6694,"1985",1
"2175","Biology",2383017,16809,"1985",1
"2176","Medical",NA,13583,"1985",1
"2177","Biology",13628,12941,"1985",1
"2178","Medical",NA,6440,"1995",1
"2179","Medical",NA,5598,"1990",1
"2180","Biology",NA,10926,"1965",1
"2181","Medical",NA,5844,"2000",1
"2182","Medical",NA,9466,"1990",1
"2183","Biology",NA,13480,"1975",1
"2184","Medical",NA,7841,"1985",1
"2185","Biology",NA,2539,"2000",1
"2186","Biology",2581855,10135,"1995",1
"2187","Biology",NA,10329,"1985",1
"2188","Biology",NA,14050,"1985",1
"2189","Biology",NA,11254,"1970",1
"2190","Medical",NA,6721,"1985",1
"2191","Biology",NA,19995,"1985",1
"2192","Biology",NA,5775,"1985",1
"2193","Biology",NA,3012,"1975",0
"2194","Medical",NA,7164,"1975",1
"2195","Medical",NA,11495,"1985",1
"2196","Biology",NA,12858,"1975",1
"2197","Biology",NA,5155,"1995",1
"2198","Biology",NA,1075,"1975",1
"2199","Biology",NA,11602,"1990",1
"2200","Biology",NA,2587,"1975",1
"2201","Biology",NA,20598,"1980",1
"2202","Medical",NA,5082,"1985",1
"2203","Medical",NA,4205,"1965",0
"2204","Biology",519590,2803,"1985",1
"2205","Biology",1129675,5310,"1970",0
"2206","Biology",684014,22283,"1975",1
"2207","Medical",NA,4338,"1970",1
"2208","Medical",17423840,20752,"1990",1
"2209","Biology",NA,10330,"1975",1
"2210","Medical",NA,8704,"1980",1
"2211","Biology",NA,24432,"1995",1
"2212","Medical",NA,8272,"1970",1
"2213","Biology",NA,12109,"1980",1
"2214","Medical",NA,6422,"1985",1
"2215","Biology",53945885,19233,"1985",1
"2216","Medical",NA,7149,"1990",1
"2217","Biology",NA,7960,"1995",1
"2218","Biology",NA,10912,"1985",1
"2219","Medical",NA,32207,"1990",1
"2220","Medical",NA,13301,"1995",1
"2221","Biology",167930155,108741,"1980",1
"2222","Biology",NA,1857,"1975",1
"2223","Biology",NA,11103,"1995",1
"2224","Biology",NA,4645,"1995",1
"2225","Biology",NA,8718,"1985",1
"2226","Biology",NA,20367,"1990",1
"2227","Biology",NA,12403,"1980",1
"2228","Biology",NA,24753,"1975",1
"2229","Biology",NA,5134,"1985",1
"2230","Medical",20284630,13973,"1975",1
"2231","Biology",NA,3182,"1995",1
"2232","Biology",NA,3812,"1985",1
"2233","Biology",NA,23699,"1975",1
"2234","Biology",NA,8454,"1990",1
"2235","Biology",NA,29608,"1975",1
"2236","Medical",NA,5737,"1975",1
"2237","Biology",NA,11377,"1975",1
"2238","Biology",NA,26879,"1975",1
"2239","Medical",6442208,7816,"1980",1
"2240","Biology",NA,13302,"1985",1
"2241","Medical",NA,2608,"1980",1
"2242","Biology",3078804,15003,"1975",1
"2243","Medical",NA,4687,"1995",1
"2244","Medical",399423,42608,"1985",1
"2245","Biology",NA,15568,"1985",1
"2246","Medical",NA,6620,"1985",1
"2247","Biology",NA,5045,"1975",1
"2248","Medical",NA,26800,"1985",1
"2249","Medical",NA,27622,"1990",1
"2250","Biology",NA,14823,"1995",1
"2251","Medical",NA,6002,"2000",1
"2252","Medical",NA,5042,"1995",1
"2253","Biology",2911756,53696,"1985",1
"2254","Medical",NA,11261,"1990",1
"2255","Medical",NA,4253,"1975",1
"2256","Biology",NA,13598,"1990",1
"2257","Biology",NA,29322,"1980",1
"2258","Medical",NA,13122,"1965",1
"2259","Biology",3649001,15909,"1995",1
"2260","Biology",NA,5883,"1995",1
"2261","Biology",NA,9228,"1990",1
"2262","Medical",NA,7598,"1980",1
"2263","Biology",12750773,1408,"1995",1
"2264","Biology",NA,16069,"1980",1
"2265","Medical",NA,1596,"1995",1
"2266","Medical",NA,1958,"1965",1
"2267","Biology",NA,3186,"1995",1
"2268","Biology",NA,12926,"1975",1
"2269","Medical",NA,997,"1985",1
"2270","Biology",NA,6468,"2000",1
"2271","Biology",NA,4630,"1990",0
"2272","Biology",NA,14547,"1985",1
"2273","Medical",NA,2031,"1990",1
"2274","Medical",NA,12856,"1990",1
"2275","Biology",NA,1550,"2005",1
"2276","Biology",NA,600,"1995",0
"2277","Biology",NA,15583,"1985",1
"2278","Biology",NA,23551,"1980",1
"2279","Medical",NA,16323,"1980",1
"2280","Biology",NA,1922,"1985",1
"2281","Biology",NA,3163,"1995",1
"2282","Medical",NA,5181,"1975",1
"2283","Biology",NA,1718,"1995",1
"2284","Biology",NA,12838,"1975",1
"2285","Medical",NA,385,"1995",1
"2286","Biology",NA,3165,"1970",1
"2287","Biology",NA,3367,"1980",1
"2288","Medical",NA,1496,"1995",1
"2289","Biology",NA,6601,"1975",1
"2290","Medical",NA,20913,"1980",1
"2291","Biology",NA,49116,"1970",1
"2292","Biology",NA,7797,"1980",1
"2293","Medical",NA,4635,"1990",1
"2294","Biology",8614791,8326,"1995",1
"2295","Biology",NA,4666,"1975",1
"2296","Biology",NA,4626,"1970",1
"2297","Biology",NA,8384,"1985",1
"2298","Biology",3187244,8076,"1985",1
"2299","Biology",NA,2345,"1995",1
"2300","Biology",NA,22493,"1980",1
"2301","Biology",85872444,17604,"1975",1
"2302","Biology",NA,2277,"2000",0
"2303","Medical",NA,7000,"1970",1
"2304","Biology",23811852,16791,"1980",1
"2305","Biology",NA,4556,"1970",1
"2306","Biology",NA,1819,"2000",1
"2307","Technology",NA,3106,"1985",1
"2308","Biology",NA,1540,"2000",0
"2309","Medical",NA,22836,"1990",1
"2310","Biology",NA,14594,"2000",1
"2311","Medical",NA,15365,"1970",1
"2312","Biology",NA,5358,"1990",1
"2313","Biology",NA,7301,"1990",1
"2314","Biology",NA,996,"2000",0
"2315","Biology",4937204,21584,"1965",1
"2316","Medical",NA,13728,"1975",1
"2317","Biology",NA,8552,"1980",1
"2318","Biology",NA,4822,"1995",1
"2319","Biology",27690004,51051,"1970",1
"2320","Biology",NA,5510,"1990",1
"2321","Medical",NA,11464,"1985",1
"2322","Biology",NA,39975,"1970",1
"2323","Biology",NA,2384,"1995",1
"2324","Medical",NA,7799,"1990",1
"2325","Biology",NA,2558,"1995",0
"2326","Biology",NA,10486,"1985",0
"2327","Biology",NA,24717,"1970",1
"2328","Biology",23394330,18350,"1980",1
"2329","Biology",NA,23496,"1965",1
"2330","Biology",178687783,36009,"1980",1
"2331","Biology",NA,5076,"1990",1
"2332","Medical",NA,6962,"1975",1
"2333","Medical",NA,9082,"1995",1
"2334","Biology",NA,13709,"1995",1
"2335","Biology",NA,31569,"1975",1
"2336","Medical",NA,16176,"1965",1
"2337","Medical",NA,12432,"1975",1
"2338","Biology",NA,13782,"1965",1
"2339","Biology",60177791,35559,"1985",1
"2340","Medical",NA,6310,"1990",1
"2341","Biology",37069,13587,"1965",1
"2342","Biology",NA,2247,"2000",1
"2343","Technology",NA,3394,"1980",1
"2344","Biology",NA,2639,"1985",1
"2345","Biology",NA,503,"2005",1
"2346","Biology",79548719,2200,"1980",1
"2347","Medical",NA,45065,"1980",1
"2348","Medical",NA,9290,"1985",1
"2349","Biology",NA,7690,"1980",1
"2350","Medical",6951,1787,"2000",0
"2351","Medical",5014727,2947,"1995",1
"2352","Biology",NA,24244,"1975",1
"2353","Biology",NA,7589,"1990",1
"2354","Biology",NA,1940,"1990",1
"2355","Biology",NA,13833,"1985",1
"2356","Biology",NA,1371,"1985",1
"2357","Biology",NA,5663,"1985",0
"2358","Biology",NA,3023,"1985",1
"2359","Medical",432045,34127,"1985",1
"2360","Biology",NA,2376,"1980",1
"2361","Medical",1931482,3701,"1990",0
"2362","Biology",NA,87124,"1980",1
"2363","Biology",NA,35449,"1965",1
"2364","Biology",NA,2045,"1990",1
"2365","Biology",NA,7921,"1970",1
"2366","Medical",NA,9510,"1990",1
"2367","Biology",NA,4079,"1980",1
"2368","Medical",NA,12729,"1970",1
"2369","Biology",NA,9652,"1980",1
"2370","Medical",1123996,2163,"2000",0
"2371","Biology",NA,6537,"2000",1
"2372","Biology",1293454,18922,"1965",1
"2373","Biology",4986468,6903,"1985",1
"2374","Medical",NA,33299,"1985",1
"2375","Medical",NA,8695,"1990",1
"2376","Biology",NA,4603,"1970",1
"2377","Medical",NA,2314,"1995",1
"2378","Medical",NA,21255,"1970",1
"2379","Medical",5069081,12789,"1990",1
"2380","Biology",NA,11744,"2000",1
"2381","Biology",3026909,20660,"1995",1
"2382","Biology",NA,8276,"1975",0
"2383","Biology",NA,3255,"1995",0
"2384","Medical",55238610,39753,"1980",1
"2385","Medical",NA,3737,"1970",1
"2386","Biology",41524,10000,"1985",1
"2387","Biology",NA,8742,"1995",1
"2388","Biology",NA,28721,"1985",1
"2389","Biology",2965227,28721,"1985",1
"2390","Biology",NA,14844,"1975",0
"2391","Medical",NA,12551,"1985",1
"2392","Biology",NA,35437,"1985",1
"2393","Biology",NA,11795,"1985",1
"2394","Medical",NA,1955,"1990",1
"2395","Medical",2525893,18579,"1965",1
"2396","Biology",NA,8379,"1985",1
"2397","Biology",NA,6912,"1980",1
"2398","Medical",NA,4492,"1985",1
"2399","Biology",NA,18009,"1990",1
"2400","Biology",597687,6014,"1990",1
"2401","Medical",NA,13451,"1985",1
"2402","Biology",11404976,12377,"2000",1
"2403","Biology",1782326,6447,"1975",1
"2404","Biology",NA,2169,"2000",1
"2405","Biology",NA,5604,"2000",1
"2406","Medical",NA,1634,"1995",1
"2407","Medical",NA,7130,"1995",1
"2408","Biology",1924342,14104,"2000",1
"2409","Biology",NA,13106,"1985",1
"2410","Biology",NA,13769,"1980",1
"2411","Biology",NA,3568,"2000",1
"2412","Biology",NA,15946,"1960",1
"2413","Medical",NA,3759,"1995",1
"2414","Biology",NA,2641,"1990",1
"2415","Medical",NA,4600,"1990",1
"2416","Biology",NA,8342,"1980",1
"2417","Technology",399368,6032,"1990",1
"2418","Biology",NA,32161,"1980",1
"2419","Biology",36461,5620,"1990",1
"2420","Biology",5644466,6768,"1995",1
"2421","Biology",NA,71380,"1985",1
"2422","Biology",3553474,16053,"1975",1
"2423","Biology",NA,2839,"1990",1
"2424","Biology",NA,9302,"1985",1
"2425","Medical",NA,59797,"1980",1
"2426","Biology",NA,4330,"1990",1
"2427","Medical",NA,11727,"1975",1
"2428","Biology",637219,9675,"1970",1
"2429","Biology",NA,2214,"2000",1
"2430","Biology",NA,24169,"1980",1
"2431","Biology",572387,33178,"1980",1
"2432","Biology",2354332,13381,"1980",0
"2433","Medical",4153492,7867,"1980",1
"2434","Medical",700021,16710,"1980",1
"2435","Medical",29393253,7357,"1970",1
"2436","Medical",NA,2195,"1995",1
"2437","Biology",NA,7517,"1975",1
"2438","Biology",NA,6792,"1980",0
"2439","Biology",NA,8060,"1975",0
"2440","Biology",NA,14064,"1985",1
"2441","Medical",NA,7150,"1995",1
"2442","Medical",NA,15764,"1970",1
"2443","Medical",NA,5958,"1990",1
"2444","Biology",NA,16837,"1980",1
"2445","Biology",NA,727,"1995",1
"2446","Biology",NA,15746,"1980",1
"2447","Biology",NA,3241,"1990",0
"2448","Biology",2362795,3302,"2000",0
"2449","Biology",NA,20953,"1980",1
"2450","Biology",NA,53839,"1985",1
"2451","Medical",NA,5501,"1960",1
"2452","Biology",NA,3281,"1990",1
"2453","Medical",NA,8286,"1990",0
"2454","Medical",NA,16273,"1975",1
"2455","Biology",NA,7106,"1990",1
"2456","Medical",4420142,2889,"1980",1
"2457","Biology",147619,6587,"1980",1
"2458","Biology",NA,18819,"1985",1
"2459","Medical",NA,4716,"1980",1
"2460","Biology",6039914,13504,"1975",0
"2461","Biology",NA,1008,"2005",0
"2462","Biology",NA,11865,"1965",1
"2463","Biology",NA,1540,"2000",1
"2464","Medical",NA,14548,"1990",1
"2465","Biology",39134,2198,"2000",1
"2466","Biology",7312022,7687,"1980",1
"2467","Biology",NA,10172,"1975",1
"2468","Medical",NA,15952,"1995",0
"2469","Biology",19432328,33819,"1965",1
"2470","Biology",892560,13740,"1980",1
"2471","Medical",NA,772,"2005",1
"2472","Biology",6326966,24769,"1980",0
"2473","Biology",11208520,13900,"1970",1
"2474","Medical",685860,53022,"1990",1
"2475","Medical",NA,6520,"1985",1
"2476","Biology",NA,2390,"1995",1
"2477","Biology",NA,55628,"1965",1
"2478","Biology",NA,2886,"1990",1
"2479","Biology",9057331,2873,"1990",1
"2480","Biology",1394759,2451,"1995",1
"2481","Medical",NA,4054,"1985",1
"2482","Biology",NA,5226,"2000",1
"2483","Biology",NA,11296,"1985",1
"2484","Biology",632290,23859,"1965",1
"2485","Biology",NA,661,"2000",0
"2486","Medical",NA,7408,"1985",1
"2487","Medical",NA,1802,"1990",0
"2488","Technology",603034,2132,"1995",1
"2489","Biology",NA,6118,"1985",1
"2490","Biology",NA,12489,"1980",1
"2491","Biology",199515,8027,"1995",1
"2492","Biology",NA,3214,"2000",0
"2493","Biology",NA,12884,"1990",1
"2494","Medical",1407060,4788,"1990",1
"2495","Biology",NA,1563,"2000",0
"2496","Biology",NA,6421,"1990",1
"2497","Medical",NA,4579,"1990",1
"2498","Biology",NA,5259,"1990",1
"2499","Medical",NA,1916,"1995",1
"2500","Technology",NA,1337,"1995",1
"2501","Biology",NA,15804,"1995",1
"2502","Biology",521980,9412,"1995",1
"2503","Biology",NA,1452,"1985",1
"2504","Biology",NA,308,"2000",1
"2505","Medical",NA,53827,"1980",1
"2506","Biology",NA,31876,"1970",1
"2507","Biology",NA,4604,"1995",1
"2508","Biology",NA,3978,"1995",1
"2509","Medical",290276,19359,"1980",1
"2510","Biology",1040982,25265,"1985",1
"2511","Biology",712463,3256,"1995",1
"2512","Biology",NA,1228,"2000",1
"2513","Medical",5845771,1514,"1990",1
"2514","Biology",232730230,15219,"1995",1
"2515","Biology",NA,5101,"1985",1
"2516","Medical",NA,3248,"1980",1
"2517","Biology",NA,3566,"1995",1
"2518","Medical",NA,3618,"2000",1
"2519","Biology",41050895,22089,"1980",1
"2520","Medical",NA,10649,"1985",1
"2521","Medical",3579811,3498,"1965",1
"2522","Medical",179311,63687,"1985",1
"2523","Biology",NA,2295,"1990",1
"2524","Biology",NA,3586,"1985",1
"2525","Medical",NA,1729,"2000",1
"2526","Biology",NA,8683,"1975",1
"2527","Biology",NA,7255,"1985",1
"2528","Medical",NA,1872,"1980",1
"2529","Biology",NA,1207,"2000",1
"2530","Biology",NA,849,"2000",0
"2531","Medical",NA,1699,"1985",1
"2532","Biology",7162951,18322,"1980",1
"2533","Medical",NA,10792,"1985",1
"2534","Biology",NA,671,"1985",1
"2535","Biology",NA,877,"1995",1
"2536","Biology",894906,23045,"1990",1
"2537","Biology",625294,34015,"1970",1
"2538","Biology",NA,2593,"1975",1
"2539","Biology",2904,1563,"2000",0
"2540","Biology",10830540,30158,"1975",1
"2541","Biology",NA,3041,"1995",0
"2542","Biology",NA,45916,"1985",1
"2543","Medical",NA,4179,"1990",1
"2544","Biology",NA,10601,"1990",1
"2545","Medical",1132272,35312,"1975",1
"2546","Medical",NA,6489,"1995",1
"2547","Biology",NA,6557,"2000",1
"2548","Biology",NA,11141,"1995",1
"2549","Medical",NA,5342,"1995",1
"2550","Medical",NA,1318,"1995",1
"2551","Biology",5221976,2977,"1990",1
"2552","Biology",NA,6680,"1995",0
"2553","Biology",6344659,27593,"1970",1
"2554","Medical",30199523,880,"1995",0
"2555","Medical",NA,5132,"1990",1
"2556","Biology",3580693,6547,"2005",1
"2557","Biology",NA,7722,"1985",1
"2558","Biology",NA,1240,"2005",1
"2559","Biology",NA,1094,"1995",0
"2560","Biology",5808016,16322,"1970",1
"2561","Biology",NA,2653,"1995",1
"2562","Medical",NA,6498,"1975",1
"2563","Medical",NA,16616,"1980",1
"2564","Medical",NA,1109,"2000",1
"2565","Medical",NA,8823,"1995",1
"2566","Biology",NA,33381,"1985",1
"2567","Biology",6727535,16003,"1995",1
"2568","Biology",NA,18370,"1990",1
"2569","Medical",NA,29222,"1985",1
"2570","Medical",34472343,2011,"1990",1
"2571","Medical",NA,4320,"1995",1
"2572","Biology",5268607,42999,"1970",1
"2573","Medical",NA,10453,"1985",1
"2574","Medical",3431538,4417,"1985",1
"2575","Biology",NA,4657,"1995",1
"2576","Biology",20186546,9279,"1990",1
"2577","Biology",NA,2208,"2000",1
"2578","Technology",10253628,23219,"1975",1
"2579","Biology",NA,6038,"1975",1
"2580","Biology",NA,4396,"1995",0
"2581","Medical",NA,11329,"1965",1
"2582","Biology",NA,10169,"1990",1
"2583","Medical",NA,7596,"1990",1
"2584","Biology",21324336,15342,"1980",0
"2585","Medical",NA,9619,"1985",1
"2586","Medical",NA,7287,"1980",1
"2587","Biology",NA,11560,"1995",1
"2588","Biology",NA,1563,"1975",0
"2589","Biology",NA,6689,"1985",1
"2590","Biology",148179763,1974,"1995",1
"2591","Biology",13969697,55715,"1980",1
"2592","Biology",NA,659,"1995",0
"2593","Medical",1424988,837,"2005",0
"2594","Biology",NA,11408,"1975",1
"2595","Technology",NA,2277,"2000",1
"2596","Biology",NA,9207,"1990",1
"2597","Medical",2808412,561,"2000",0
"2598","Medical",1363346,6636,"1990",1
"2599","Biology",8765379,5863,"1970",0
"2600","Biology",NA,6185,"1980",1
"2601","Biology",NA,7785,"1990",0
"2602","Medical",9000540,8070,"1990",1
"2603","Biology",NA,12453,"1985",1
"2604","Medical",1107933,2180,"1990",1
"2605","Medical",NA,4683,"1980",1
"2606","Biology",1890868,14411,"1965",1
"2607","Biology",5110,1844,"1995",0
"2608","Biology",NA,4367,"1985",1
"2609","Medical",NA,1225,"1985",1
"2610","Biology",5026868,13370,"1995",1
"2611","Medical",NA,7260,"1965",1
"2612","Medical",823024,21348,"1995",1
"2613","Biology",NA,18921,"1985",1
"2614","Biology",3835737,3857,"1995",0
"2615","Medical",NA,32478,"1985",1
"2616","Biology",21761473,26776,"1990",1
"2617","Biology",11903138,34961,"1975",1
"2618","Biology",NA,17269,"1970",1
"2619","Medical",23031804,2274,"2000",1
"2620","Biology",22946970,5322,"1995",1
"2621","Biology",12986808,11045,"1980",1
"2622","Medical",4913987,1268,"2000",1
"2623","Technology",2072627,72053,"1985",1
"2624","Biology",NA,4255,"1995",1
"2625","Medical",15504275,38151,"1970",1
"2626","Medical",NA,9532,"1975",1
"2627","Medical",6381669,5668,"1990",1
"2628","Biology",1901672,4284,"1995",0
"2629","Biology",389898,6236,"1985",1
"2630","Biology",NA,4979,"1975",0
"2631","Biology",NA,5384,"2000",0
"2632","Medical",4744352,7370,"1995",1
"2633","Biology",17402381,3558,"1990",1
"2634","Biology",4180739,3425,"1980",0
"2635","Biology",NA,3206,"1985",1
"2636","Medical",NA,11060,"1965",1
"2637","Biology",NA,6366,"1995",1
"2638","Biology",NA,11692,"1975",1
"2639","Biology",360841,2864,"1990",1
"2640","Biology",597053,3426,"1980",0
"2641","Biology",NA,1010,"2000",1
"2642","Medical",16694685,9963,"1990",1
"2643","Biology",NA,1202,"1995",1
"2644","Biology",3015866,8742,"1995",0
"2645","Medical",NA,4359,"1995",1
"2646","Biology",6621995,33003,"1985",1
"2647","Biology",43114116,4311,"1995",0
"2648","Medical",2345528,21464,"1995",1
"2649","Biology",NA,2398,"2000",1
"2650","Technology",2490936,10028,"1990",1
"2651","Biology",NA,2925,"1995",1
"2652","Biology",NA,794,"2000",1
"2653","Biology",NA,6072,"2000",1
"2654","Biology",NA,1620,"2000",0
"2655","Biology",2028819,3066,"1995",1
"2656","Medical",NA,4585,"2000",1
"2657","Biology",NA,3226,"2000",1
"2658","Biology",NA,6123,"2000",0
"2659","Biology",NA,2063,"2000",1
"2660","Biology",NA,1055,"2005",0
"2661","Medical",NA,17924,"1985",1
"2662","Medical",NA,1623,"2000",1
"2663","Biology",NA,1609,"2000",1
"2664","Biology",NA,2485,"2000",1
"2665","Biology",NA,17749,"1975",1
"2666","Biology",NA,2483,"2000",0
"2667","Biology",NA,2399,"2000",1
"2668","Medical",NA,7272,"2000",1
"2669","Biology",NA,1577,"2000",1
"2670","Biology",NA,20970,"2000",1
"2671","Medical",NA,1005,"2000",0
"2672","Medical",NA,2023,"2005",0
"2673","Biology",11881,7514,"2000",1
"2674","Biology",NA,7674,"2000",1
"2675","Biology",NA,580,"2005",0
"2676","Medical",NA,2279,"2000",1
"2677","Biology",NA,310,"2000",1
"2678","Biology",NA,4820,"2000",1
"2679","Biology",795388,12385,"1975",0
"2680","Biology",2949870,753,"2000",1
"2681","Medical",NA,707,"2000",1
"2682","Biology",NA,1733,"2000",1
"2683","Biology",NA,6143,"2000",1
"2684","Biology",NA,2630,"2000",1
"2685","Biology",NA,2417,"2005",1
"2686","Biology",NA,1385,"1995",1
"2687","Biology",NA,6853,"2005",1
"2688","Biology",13623717,7915,"2000",1
"2689","Medical",NA,1770,"2005",1
"2690","Biology",NA,387,"2010",0
"2691","Biology",NA,2594,"1995",1
"2692","Biology",NA,6622,"1990",1
"2693","Biology",NA,5905,"2000",1
"2694","Medical",NA,16853,"1990",1
"2695","Medical",NA,1104,"2005",1
"2696","Biology",NA,1083,"2000",1
"2697","Biology",NA,2537,"2000",1
"2698","Medical",NA,789,"2000",1
"2699","Medical",NA,2587,"2000",1
"2700","Medical",NA,11188,"2005",1
"2701","Biology",2262035,4704,"2000",1
"2702","Biology",NA,247,"2005",0
"2703","Biology",NA,3327,"2005",1
"2704","Biology",NA,2765,"1995",1
"2705","Technology",154489,2017,"2000",1
"2706","Biology",NA,3895,"2000",1
"2707","Medical",NA,291,"2000",1
"2708","Biology",NA,3832,"2000",1
"2709","Medical",NA,2970,"2000",1
"2710","Biology",NA,5042,"2000",1
"2711","Medical",NA,1978,"2005",1
"2712","Medical",NA,933,"2000",1
"2713","Biology",NA,923,"2000",1
"2714","Biology",NA,3290,"2005",1
"2715","Biology",NA,1402,"2005",1
"2716","Biology",1741515,3129,"1995",0
"2717","Biology",NA,3056,"1995",1
"2718","Medical",NA,1200,"2000",1
"2719","Biology",NA,5435,"2000",1
"2720","Biology",NA,1343,"2005",1
"2721","Biology",NA,5089,"2000",1
"2722","Biology",NA,7895,"2000",1
"2723","Medical",NA,2218,"2005",1
"2724","Biology",NA,309,"1985",0
"2725","Biology",NA,2543,"2005",1
"2726","Medical",NA,3098,"1995",1
"2727","Biology",NA,434,"2000",0
"2728","Biology",NA,1919,"2000",1
"2729","Biology",NA,3353,"2000",1
"2730","Biology",NA,2780,"2000",1
"2731","Medical",NA,2502,"2000",1
"2732","Biology",NA,323,"2005",0
"2733","Biology",NA,942,"2000",1
"2734","Technology",NA,807,"2005",1
"2735","Biology",NA,701,"2000",0
"2736","Medical",NA,559,"2000",1
"2737","Medical",NA,681,"2000",1
"2738","Technology",NA,848,"1995",1
"2739","Biology",NA,3048,"2000",0
"2740","Biology",NA,7756,"1995",1
"2741","Medical",NA,1701,"1995",1
"2742","Biology",NA,7050,"2000",1
"2743","Biology",35767,1043,"2005",0
"2744","Medical",NA,3220,"1995",1
"2745","Biology",NA,530,"2000",1
"2746","Medical",NA,563,"2005",1
"2747","Biology",NA,51676,"1970",1
"2748","Biology",NA,987,"2005",1
"2749","Biology",NA,640,"2005",0
"2750","Medical",7464505,10532,"1985",1
"2751","Medical",NA,1248,"2000",1
"2752","Biology",NA,7170,"1990",1
"2753","Medical",NA,328,"2005",1
"2754","Biology",NA,3363,"2000",1
"2755","Biology",NA,2567,"2005",1
"2756","Medical",NA,3420,"2000",1
"2757","Biology",NA,854,"2000",1
"2758","Biology",NA,11042,"2000",1
"2759","Biology",NA,1144,"2005",0
"2760","Biology",NA,5216,"2000",1
"2761","Medical",NA,1000,"2000",0
"2762","Biology",NA,1317,"2005",1
"2763","Medical",NA,4841,"1995",1
"2764","Biology",NA,731,"1995",1
"2765","Biology",NA,201,"2000",1
"2766","Medical",NA,4790,"1990",1
"2767","Biology",NA,1867,"2005",0
"2768","Biology",NA,1598,"2005",1
"2769","Biology",NA,7528,"2000",1
"2770","Biology",NA,902,"2005",0
"2771","Medical",NA,1087,"2005",0
"2772","Biology",NA,1491,"2000",1
"2773","Medical",NA,10339,"1995",1
"2774","Biology",NA,1992,"2005",1
"2775","Biology",NA,8465,"1990",1
"2776","Biology",1604967,2783,"1995",1
"2777","Biology",NA,4950,"2000",1
"2778","Biology",NA,3291,"2005",1
"2779","Biology",NA,2712,"2000",1
"2780","Biology",NA,610,"2005",0
"2781","Biology",NA,3875,"2000",1
